sample_id	media_family	variant	parse_chain	orig_bytes	modelled_bytes	store_bytes	chosen_bytes	selected	blocks	bits_frame_header	bits_block_headers	bits_table_descriptors	bits_literals	bits_lengths	bits_length_extra	bits_distances	bits_distance_extra	bits_eob	bits_checksum	bits_context_map	gzip9	brotli11	static_best_today	cm2_champion
css-medium-tailwind-v2	css	V1-whole-file	16	65257	11264	65273	11264	web-scheme	1	88	3	619	20426	19917	3386	17666	27962	12	32	0	11278	9161	12447	6847
css-medium-tailwind-v2	css	V2-64KiB-blocks	16	65257	11264	65273	11264	web-scheme	1	88	3	619	20426	19917	3386	17666	27962	12	32	0	11278	9161	12447	6847
css-medium-tailwind-v2	css	V3-whole-file-ctx2	16	65257	11230	65273	11230	web-scheme	1	88	3	994	19442	20112	3386	17666	27962	11	32	138	11278	9161	12447	6847
css-medium-tailwind-v2	css	V3-whole-file-ctx3	16	65257	11118	65273	11118	web-scheme	1	88	3	1285	18828	19536	3386	17666	27962	11	32	142	11278	9161	12447	6847
css-medium-tailwind-v2	css	V4-64KiB-blocks-ctx2	16	65257	11230	65273	11230	web-scheme	1	88	3	994	19442	20112	3386	17666	27962	11	32	138	11278	9161	12447	6847
css-medium-tailwind-v2	css	V1-whole-file	128	65257	11158	65273	11158	web-scheme	1	88	3	610	20088	19676	3419	17346	27983	12	32	0	11278	9161	12447	6847
css-medium-tailwind-v2	css	V2-64KiB-blocks	128	65257	11158	65273	11158	web-scheme	1	88	3	610	20088	19676	3419	17346	27983	12	32	0	11278	9161	12447	6847
css-medium-tailwind-v2	css	V3-whole-file-ctx2	128	65257	11128	65273	11128	web-scheme	1	88	3	997	19219	19787	3419	17346	27983	11	32	138	11278	9161	12447	6847
css-medium-tailwind-v2	css	V3-whole-file-ctx3	128	65257	11018	65273	11018	web-scheme	1	88	3	1281	18596	19236	3419	17346	27983	11	32	142	11278	9161	12447	6847
css-medium-tailwind-v2	css	V4-64KiB-blocks-ctx2	128	65257	11128	65273	11128	web-scheme	1	88	3	997	19219	19787	3419	17346	27983	11	32	138	11278	9161	12447	6847
css-medium-tailwind-v2	css	V1-whole-file	1024	65257	11113	65273	11113	web-scheme	1	88	3	610	20009	19526	3424	17182	28014	12	32	0	11278	9161	12447	6847
css-medium-tailwind-v2	css	V2-64KiB-blocks	1024	65257	11113	65273	11113	web-scheme	1	88	3	610	20009	19526	3424	17182	28014	12	32	0	11278	9161	12447	6847
css-medium-tailwind-v2	css	V3-whole-file-ctx2	1024	65257	11084	65273	11084	web-scheme	1	88	3	991	19280	19504	3424	17182	28014	11	32	138	11278	9161	12447	6847
css-medium-tailwind-v2	css	V3-whole-file-ctx3	1024	65257	10972	65273	10972	web-scheme	1	88	3	1256	18555	19067	3424	17182	28014	11	32	142	11278	9161	12447	6847
css-medium-tailwind-v2	css	V4-64KiB-blocks-ctx2	1024	65257	11084	65273	11084	web-scheme	1	88	3	991	19280	19504	3424	17182	28014	11	32	138	11278	9161	12447	6847
css-medium-tailwind-v2	css	V1-whole-file	opt256	65257	10653	65273	10653	web-scheme	1	88	3	621	23907	18725	3338	15480	23014	12	32	0	11278	9161	12447	6847
css-medium-tailwind-v2	css	V2-64KiB-blocks	opt256	65257	10653	65273	10653	web-scheme	1	88	3	621	23907	18725	3338	15480	23014	12	32	0	11278	9161	12447	6847
css-medium-tailwind-v2	css	V3-whole-file-ctx2	opt256	65257	10624	65273	10624	web-scheme	1	88	3	973	23160	18753	3338	15480	23014	11	32	138	11278	9161	12447	6847
css-medium-tailwind-v2	css	V3-whole-file-ctx3	opt256	65257	10478	65273	10478	web-scheme	1	88	3	1248	21669	18797	3338	15480	23014	11	32	142	11278	9161	12447	6847
css-medium-tailwind-v2	css	V4-64KiB-blocks-ctx2	opt256	65257	10624	65273	10624	web-scheme	1	88	3	973	23160	18753	3338	15480	23014	11	32	138	11278	9161	12447	6847
html-large-web-codec-v2	html	V1-whole-file	16	227968	16485	227984	16485	web-scheme	1	88	3	820	26269	26414	6490	24256	47495	13	32	0	15804	11746	22960	10629
html-large-web-codec-v2	html	V2-64KiB-blocks	16	227968	18519	227984	18519	web-scheme	4	88	12	2692	40089	29420	6746	23794	45235	44	32	0	15804	11746	22960	10629
html-large-web-codec-v2	html	V3-whole-file-ctx2	16	227968	16425	227984	16425	web-scheme	1	88	3	1259	25371	26256	6490	24256	47495	11	32	138	15804	11746	22960	10629
html-large-web-codec-v2	html	V3-whole-file-ctx3	16	227968	16199	227984	16199	web-scheme	1	88	3	1601	23957	25513	6490	24256	47495	11	32	142	15804	11746	22960	10629
html-large-web-codec-v2	html	V4-64KiB-blocks-ctx2	16	227968	18526	227984	18526	web-scheme	4	88	12	4072	39070	28563	6746	23794	45235	39	32	552	15804	11746	22960	10629
html-large-web-codec-v2	html	V1-whole-file	128	227968	16192	227984	16192	web-scheme	1	88	3	823	25561	25856	6462	23407	47286	12	32	0	15804	11746	22960	10629
html-large-web-codec-v2	html	V2-64KiB-blocks	128	227968	18282	227984	18282	web-scheme	4	88	12	2663	39685	28718	6708	23126	45172	45	32	0	15804	11746	22960	10629
html-large-web-codec-v2	html	V3-whole-file-ctx2	128	227968	16139	227984	16139	web-scheme	1	88	3	1223	25031	25424	6462	23407	47286	11	32	138	15804	11746	22960	10629
html-large-web-codec-v2	html	V3-whole-file-ctx3	128	227968	15911	227984	15911	web-scheme	1	88	3	1585	23580	24689	6462	23407	47286	11	32	142	15804	11746	22960	10629
html-large-web-codec-v2	html	V4-64KiB-blocks-ctx2	128	227968	18289	227984	18289	web-scheme	4	88	12	4012	38679	27885	6708	23126	45172	39	32	552	15804	11746	22960	10629
html-large-web-codec-v2	html	V1-whole-file	1024	227968	16033	227984	16033	web-scheme	1	88	3	831	25632	25174	6398	22850	47244	12	32	0	15804	11746	22960	10629
html-large-web-codec-v2	html	V2-64KiB-blocks	1024	227968	18162	227984	18162	web-scheme	4	88	12	2684	39682	28310	6665	22705	45073	44	32	0	15804	11746	22960	10629
html-large-web-codec-v2	html	V3-whole-file-ctx2	1024	227968	15988	227984	15988	web-scheme	1	88	3	1261	24844	25030	6398	22850	47244	11	32	138	15804	11746	22960	10629
html-large-web-codec-v2	html	V3-whole-file-ctx3	1024	227968	15758	227984	15758	web-scheme	1	88	3	1623	23424	24245	6398	22850	47244	11	32	142	15804	11746	22960	10629
html-large-web-codec-v2	html	V4-64KiB-blocks-ctx2	1024	227968	18174	227984	18174	web-scheme	4	88	12	4049	38725	27450	6665	22705	45073	38	32	552	15804	11746	22960	10629
html-large-web-codec-v2	html	V1-whole-file	opt256	227968	15058	227984	15058	web-scheme	1	88	3	855	34396	23251	5908	19472	36443	13	32	0	15804	11746	22960	10629
html-large-web-codec-v2	html	V2-64KiB-blocks	opt256	227968	17313	227984	17313	web-scheme	4	88	12	2717	49445	25583	6248	18966	35368	45	32	0	15804	11746	22960	10629
html-large-web-codec-v2	html	V3-whole-file-ctx2	opt256	227968	15022	227984	15022	web-scheme	1	88	3	1299	33239	23539	5908	19472	36443	11	32	138	15804	11746	22960	10629
html-large-web-codec-v2	html	V3-whole-file-ctx3	opt256	227968	14610	227984	14610	web-scheme	1	88	3	1629	30380	22768	5908	19472	36443	11	32	142	15804	11746	22960	10629
html-large-web-codec-v2	html	V4-64KiB-blocks-ctx2	opt256	227968	17358	227984	17358	web-scheme	4	88	12	4133	48059	25358	6248	18966	35368	41	32	552	15804	11746	22960	10629
html-medium-home-v2	html	V1-whole-file	16	25031	5901	25047	5901	web-scheme	1	88	3	751	14938	8808	951	7948	13676	12	32	0	5801	4763	7295	4700
html-medium-home-v2	html	V2-64KiB-blocks	16	25031	5901	25047	5901	web-scheme	1	88	3	751	14938	8808	951	7948	13676	12	32	0	5801	4763	7295	4700
html-medium-home-v2	html	V3-whole-file-ctx2	16	25031	5887	25047	5887	web-scheme	1	88	3	1137	14444	8662	951	7948	13676	10	32	138	5801	4763	7295	4700
html-medium-home-v2	html	V3-whole-file-ctx3	16	25031	5877	25047	5877	web-scheme	1	88	3	1488	14037	8641	951	7948	13676	10	32	142	5801	4763	7295	4700
html-medium-home-v2	html	V4-64KiB-blocks-ctx2	16	25031	5887	25047	5887	web-scheme	1	88	3	1137	14444	8662	951	7948	13676	10	32	138	5801	4763	7295	4700
html-medium-home-v2	html	V1-whole-file	128	25031	5827	25047	5827	web-scheme	1	88	3	750	14863	8582	974	7698	13613	12	32	0	5801	4763	7295	4700
html-medium-home-v2	html	V2-64KiB-blocks	128	25031	5827	25047	5827	web-scheme	1	88	3	750	14863	8582	974	7698	13613	12	32	0	5801	4763	7295	4700
html-medium-home-v2	html	V3-whole-file-ctx2	128	25031	5821	25047	5821	web-scheme	1	88	3	1137	14336	8533	974	7698	13613	11	32	138	5801	4763	7295	4700
html-medium-home-v2	html	V3-whole-file-ctx3	128	25031	5810	25047	5810	web-scheme	1	88	3	1488	13938	8490	974	7698	13613	11	32	142	5801	4763	7295	4700
html-medium-home-v2	html	V4-64KiB-blocks-ctx2	128	25031	5821	25047	5821	web-scheme	1	88	3	1137	14336	8533	974	7698	13613	11	32	138	5801	4763	7295	4700
html-medium-home-v2	html	V1-whole-file	1024	25031	5816	25047	5816	web-scheme	1	88	3	748	14893	8524	977	7619	13628	12	32	0	5801	4763	7295	4700
html-medium-home-v2	html	V2-64KiB-blocks	1024	25031	5816	25047	5816	web-scheme	1	88	3	748	14893	8524	977	7619	13628	12	32	0	5801	4763	7295	4700
html-medium-home-v2	html	V3-whole-file-ctx2	1024	25031	5811	25047	5811	web-scheme	1	88	3	1151	14467	8373	977	7619	13628	11	32	138	5801	4763	7295	4700
html-medium-home-v2	html	V3-whole-file-ctx3	1024	25031	5800	25047	5800	web-scheme	1	88	3	1498	14000	8402	977	7619	13628	11	32	142	5801	4763	7295	4700
html-medium-home-v2	html	V4-64KiB-blocks-ctx2	1024	25031	5811	25047	5811	web-scheme	1	88	3	1151	14467	8373	977	7619	13628	11	32	138	5801	4763	7295	4700
html-medium-home-v2	html	V1-whole-file	opt256	25031	5648	25047	5648	web-scheme	1	88	3	769	17619	8082	954	6804	10816	12	32	0	5801	4763	7295	4700
html-medium-home-v2	html	V2-64KiB-blocks	opt256	25031	5648	25047	5648	web-scheme	1	88	3	769	17619	8082	954	6804	10816	12	32	0	5801	4763	7295	4700
html-medium-home-v2	html	V3-whole-file-ctx2	opt256	25031	5640	25047	5640	web-scheme	1	88	3	1148	16951	8171	954	6804	10816	10	32	138	5801	4763	7295	4700
html-medium-home-v2	html	V3-whole-file-ctx3	opt256	25031	5615	25047	5615	web-scheme	1	88	3	1490	16470	8110	954	6804	10816	10	32	142	5801	4763	7295	4700
html-medium-home-v2	html	V4-64KiB-blocks-ctx2	opt256	25031	5640	25047	5640	web-scheme	1	88	3	1148	16951	8171	954	6804	10816	10	32	138	5801	4763	7295	4700
javascript-medium-magic-string-v2	javascript	V1-whole-file	16	42936	10330	42952	10330	web-scheme	1	88	3	739	15716	17574	1771	17203	29498	12	32	0	9896	8672	11701	7242
javascript-medium-magic-string-v2	javascript	V2-64KiB-blocks	16	42936	10330	42952	10330	web-scheme	1	88	3	739	15716	17574	1771	17203	29498	12	32	0	9896	8672	11701	7242
javascript-medium-magic-string-v2	javascript	V3-whole-file-ctx2	16	42936	10291	42952	10291	web-scheme	1	88	3	1140	15223	17220	1771	17203	29498	11	32	138	9896	8672	11701	7242
javascript-medium-magic-string-v2	javascript	V3-whole-file-ctx3	16	42936	10295	42952	10295	web-scheme	1	88	3	1334	15070	17202	1771	17203	29498	11	32	142	9896	8672	11701	7242
javascript-medium-magic-string-v2	javascript	V4-64KiB-blocks-ctx2	16	42936	10291	42952	10291	web-scheme	1	88	3	1140	15223	17220	1771	17203	29498	11	32	138	9896	8672	11701	7242
javascript-medium-magic-string-v2	javascript	V1-whole-file	128	42936	9947	42952	9947	web-scheme	1	88	3	702	15230	16419	1920	15935	29233	12	32	0	9896	8672	11701	7242
javascript-medium-magic-string-v2	javascript	V2-64KiB-blocks	128	42936	9947	42952	9947	web-scheme	1	88	3	702	15230	16419	1920	15935	29233	12	32	0	9896	8672	11701	7242
javascript-medium-magic-string-v2	javascript	V3-whole-file-ctx2	128	42936	9910	42952	9910	web-scheme	1	88	3	1133	14418	16367	1920	15935	29233	12	32	138	9896	8672	11701	7242
javascript-medium-magic-string-v2	javascript	V3-whole-file-ctx3	128	42936	9913	42952	9913	web-scheme	1	88	3	1323	14274	16340	1920	15935	29233	12	32	142	9896	8672	11701	7242
javascript-medium-magic-string-v2	javascript	V4-64KiB-blocks-ctx2	128	42936	9910	42952	9910	web-scheme	1	88	3	1133	14418	16367	1920	15935	29233	12	32	138	9896	8672	11701	7242
javascript-medium-magic-string-v2	javascript	V1-whole-file	1024	42936	9906	42952	9906	web-scheme	1	88	3	705	15088	16292	1942	15783	29298	12	32	0	9896	8672	11701	7242
javascript-medium-magic-string-v2	javascript	V2-64KiB-blocks	1024	42936	9906	42952	9906	web-scheme	1	88	3	705	15088	16292	1942	15783	29298	12	32	0	9896	8672	11701	7242
javascript-medium-magic-string-v2	javascript	V3-whole-file-ctx2	1024	42936	9871	42952	9871	web-scheme	1	88	3	1135	14387	16150	1942	15783	29298	11	32	138	9896	8672	11701	7242
javascript-medium-magic-string-v2	javascript	V3-whole-file-ctx3	1024	42936	9874	42952	9874	web-scheme	1	88	3	1328	14240	16125	1942	15783	29298	11	32	142	9896	8672	11701	7242
javascript-medium-magic-string-v2	javascript	V4-64KiB-blocks-ctx2	1024	42936	9871	42952	9871	web-scheme	1	88	3	1135	14387	16150	1942	15783	29298	11	32	138	9896	8672	11701	7242
javascript-medium-magic-string-v2	javascript	V1-whole-file	opt256	42936	9458	42952	9458	web-scheme	1	88	3	713	17137	15673	1923	15009	25074	12	32	0	9896	8672	11701	7242
javascript-medium-magic-string-v2	javascript	V2-64KiB-blocks	opt256	42936	9458	42952	9458	web-scheme	1	88	3	713	17137	15673	1923	15009	25074	12	32	0	9896	8672	11701	7242
javascript-medium-magic-string-v2	javascript	V3-whole-file-ctx2	opt256	42936	9449	42952	9449	web-scheme	1	88	3	1161	16442	15708	1923	15009	25074	11	32	138	9896	8672	11701	7242
javascript-medium-magic-string-v2	javascript	V3-whole-file-ctx3	opt256	42936	9454	42952	9454	web-scheme	1	88	3	1376	16195	15774	1923	15009	25074	11	32	142	9896	8672	11701	7242
javascript-medium-magic-string-v2	javascript	V4-64KiB-blocks-ctx2	opt256	42936	9449	42952	9449	web-scheme	1	88	3	1161	16442	15708	1923	15009	25074	11	32	138	9896	8672	11701	7242
javascript-medium-sourcemap-codec-v2	javascript	V1-whole-file	16	14590	3741	14605	3741	web-scheme	1	80	3	524	7817	6319	610	5679	8846	11	32	0	3705	3280	5045	2893
javascript-medium-sourcemap-codec-v2	javascript	V2-64KiB-blocks	16	14590	3741	14605	3741	web-scheme	1	80	3	524	7817	6319	610	5679	8846	11	32	0	3705	3280	5045	2893
javascript-medium-sourcemap-codec-v2	javascript	V3-whole-file-ctx2	16	14590	3735	14605	3735	web-scheme	1	80	3	840	7360	6280	610	5679	8846	10	32	138	3705	3280	5045	2893
javascript-medium-sourcemap-codec-v2	javascript	V3-whole-file-ctx3	16	14590	3730	14605	3730	web-scheme	1	80	3	1019	7153	6262	610	5679	8846	10	32	142	3705	3280	5045	2893
javascript-medium-sourcemap-codec-v2	javascript	V4-64KiB-blocks-ctx2	16	14590	3735	14605	3735	web-scheme	1	80	3	840	7360	6280	610	5679	8846	10	32	138	3705	3280	5045	2893
javascript-medium-sourcemap-codec-v2	javascript	V1-whole-file	128	14590	3681	14605	3681	web-scheme	1	80	3	521	7666	6254	633	5492	8753	11	32	0	3705	3280	5045	2893
javascript-medium-sourcemap-codec-v2	javascript	V2-64KiB-blocks	128	14590	3681	14605	3681	web-scheme	1	80	3	521	7666	6254	633	5492	8753	11	32	0	3705	3280	5045	2893
javascript-medium-sourcemap-codec-v2	javascript	V3-whole-file-ctx2	128	14590	3680	14605	3680	web-scheme	1	80	3	848	7299	6149	633	5492	8753	10	32	138	3705	3280	5045	2893
javascript-medium-sourcemap-codec-v2	javascript	V3-whole-file-ctx3	128	14590	3675	14605	3675	web-scheme	1	80	3	1028	7098	6128	633	5492	8753	10	32	142	3705	3280	5045	2893
javascript-medium-sourcemap-codec-v2	javascript	V4-64KiB-blocks-ctx2	128	14590	3680	14605	3680	web-scheme	1	80	3	848	7299	6149	633	5492	8753	10	32	138	3705	3280	5045	2893
javascript-medium-sourcemap-codec-v2	javascript	V1-whole-file	1024	14590	3678	14605	3678	web-scheme	1	80	3	521	7688	6232	632	5476	8743	11	32	0	3705	3280	5045	2893
javascript-medium-sourcemap-codec-v2	javascript	V2-64KiB-blocks	1024	14590	3678	14605	3678	web-scheme	1	80	3	521	7688	6232	632	5476	8743	11	32	0	3705	3280	5045	2893
javascript-medium-sourcemap-codec-v2	javascript	V3-whole-file-ctx2	1024	14590	3676	14605	3676	web-scheme	1	80	3	841	7326	6121	632	5476	8743	10	32	138	3705	3280	5045	2893
javascript-medium-sourcemap-codec-v2	javascript	V3-whole-file-ctx3	1024	14590	3671	14605	3671	web-scheme	1	80	3	1020	7125	6100	632	5476	8743	10	32	142	3705	3280	5045	2893
javascript-medium-sourcemap-codec-v2	javascript	V4-64KiB-blocks-ctx2	1024	14590	3676	14605	3676	web-scheme	1	80	3	841	7326	6121	632	5476	8743	10	32	138	3705	3280	5045	2893
javascript-medium-sourcemap-codec-v2	javascript	V1-whole-file	opt256	14590	3560	14605	3560	web-scheme	1	80	3	525	7838	6032	605	5275	8073	11	32	0	3705	3280	5045	2893
javascript-medium-sourcemap-codec-v2	javascript	V2-64KiB-blocks	opt256	14590	3560	14605	3560	web-scheme	1	80	3	525	7838	6032	605	5275	8073	11	32	0	3705	3280	5045	2893
javascript-medium-sourcemap-codec-v2	javascript	V3-whole-file-ctx2	opt256	14590	3563	14605	3563	web-scheme	1	80	3	868	7449	5969	605	5275	8073	10	32	138	3705	3280	5045	2893
javascript-medium-sourcemap-codec-v2	javascript	V3-whole-file-ctx3	opt256	14590	3559	14605	3559	web-scheme	1	80	3	1053	7287	5910	605	5275	8073	10	32	142	3705	3280	5045	2893
javascript-medium-sourcemap-codec-v2	javascript	V4-64KiB-blocks-ctx2	opt256	14590	3563	14605	3563	web-scheme	1	80	3	868	7449	5969	605	5275	8073	10	32	138	3705	3280	5045	2893
javascript-small-resolve-uri-v2	javascript	V1-whole-file	16	9866	2895	9881	2895	web-scheme	1	80	3	494	6775	4609	401	4113	6642	10	32	0	2895	2467	4154	2420
javascript-small-resolve-uri-v2	javascript	V2-64KiB-blocks	16	9866	2895	9881	2895	web-scheme	1	80	3	494	6775	4609	401	4113	6642	10	32	0	2895	2467	4154	2420
javascript-small-resolve-uri-v2	javascript	V3-whole-file-ctx2	16	9866	2905	9881	2905	web-scheme	1	80	3	811	6477	4532	401	4113	6642	9	32	138	2895	2467	4154	2420
javascript-small-resolve-uri-v2	javascript	V3-whole-file-ctx3	16	9866	2915	9881	2915	web-scheme	1	80	3	954	6431	4508	401	4113	6642	9	32	142	2895	2467	4154	2420
javascript-small-resolve-uri-v2	javascript	V4-64KiB-blocks-ctx2	16	9866	2905	9881	2905	web-scheme	1	80	3	811	6477	4532	401	4113	6642	9	32	138	2895	2467	4154	2420
javascript-small-resolve-uri-v2	javascript	V1-whole-file	128	9866	2884	9881	2884	web-scheme	1	80	3	499	6776	4553	409	4034	6671	10	32	0	2895	2467	4154	2420
javascript-small-resolve-uri-v2	javascript	V2-64KiB-blocks	128	9866	2884	9881	2884	web-scheme	1	80	3	499	6776	4553	409	4034	6671	10	32	0	2895	2467	4154	2420
javascript-small-resolve-uri-v2	javascript	V3-whole-file-ctx2	128	9866	2895	9881	2895	web-scheme	1	80	3	823	6468	4488	409	4034	6671	9	32	138	2895	2467	4154	2420
javascript-small-resolve-uri-v2	javascript	V3-whole-file-ctx3	128	9866	2904	9881	2904	web-scheme	1	80	3	961	6422	4465	409	4034	6671	9	32	142	2895	2467	4154	2420
javascript-small-resolve-uri-v2	javascript	V4-64KiB-blocks-ctx2	128	9866	2895	9881	2895	web-scheme	1	80	3	823	6468	4488	409	4034	6671	9	32	138	2895	2467	4154	2420
javascript-small-resolve-uri-v2	javascript	V1-whole-file	1024	9866	2883	9881	2883	web-scheme	1	80	3	498	6759	4555	409	4024	6690	10	32	0	2895	2467	4154	2420
javascript-small-resolve-uri-v2	javascript	V2-64KiB-blocks	1024	9866	2883	9881	2883	web-scheme	1	80	3	498	6759	4555	409	4024	6690	10	32	0	2895	2467	4154	2420
javascript-small-resolve-uri-v2	javascript	V3-whole-file-ctx2	1024	9866	2894	9881	2894	web-scheme	1	80	3	821	6462	4481	409	4024	6690	9	32	138	2895	2467	4154	2420
javascript-small-resolve-uri-v2	javascript	V3-whole-file-ctx3	1024	9866	2903	9881	2903	web-scheme	1	80	3	960	6416	4458	409	4024	6690	9	32	142	2895	2467	4154	2420
javascript-small-resolve-uri-v2	javascript	V4-64KiB-blocks-ctx2	1024	9866	2894	9881	2894	web-scheme	1	80	3	821	6462	4481	409	4024	6690	9	32	138	2895	2467	4154	2420
javascript-small-resolve-uri-v2	javascript	V1-whole-file	opt256	9866	2797	9881	2797	web-scheme	1	80	3	542	8275	4149	404	3462	5416	11	32	0	2895	2467	4154	2420
javascript-small-resolve-uri-v2	javascript	V2-64KiB-blocks	opt256	9866	2797	9881	2797	web-scheme	1	80	3	542	8275	4149	404	3462	5416	11	32	0	2895	2467	4154	2420
javascript-small-resolve-uri-v2	javascript	V3-whole-file-ctx2	opt256	9866	2807	9881	2807	web-scheme	1	80	3	849	7874	4185	404	3462	5416	10	32	138	2895	2467	4154	2420
javascript-small-resolve-uri-v2	javascript	V3-whole-file-ctx3	opt256	9866	2817	9881	2817	web-scheme	1	80	3	1001	7823	4163	404	3462	5416	10	32	142	2895	2467	4154	2420
javascript-small-resolve-uri-v2	javascript	V4-64KiB-blocks-ctx2	opt256	9866	2807	9881	2807	web-scheme	1	80	3	849	7874	4185	404	3462	5416	10	32	138	2895	2467	4154	2420
json-api-large-world-benchmark-v2	json-api	V1-whole-file	16	320976	24351	320992	24351	web-scheme	1	88	3	678	28739	34635	5888	34521	90205	13	32	0	21196	14910	26451	13323
json-api-large-world-benchmark-v2	json-api	V2-64KiB-blocks	16	320976	25750	320992	25750	web-scheme	5	88	15	2881	51546	35021	5892	31236	79232	55	32	0	21196	14910	26451	13323
json-api-large-world-benchmark-v2	json-api	V3-whole-file-ctx2	16	320976	24283	320992	24283	web-scheme	1	88	3	1086	28090	34198	5888	34521	90205	12	32	138	21196	14910	26451	13323
json-api-large-world-benchmark-v2	json-api	V3-whole-file-ctx3	16	320976	23923	320992	23923	web-scheme	1	88	3	1352	26532	32606	5888	34521	90205	12	32	142	21196	14910	26451	13323
json-api-large-world-benchmark-v2	json-api	V4-64KiB-blocks-ctx2	16	320976	25812	320992	25812	web-scheme	5	88	15	4547	50710	34002	5892	31236	79232	52	32	690	21196	14910	26451	13323
json-api-large-world-benchmark-v2	json-api	V1-whole-file	128	320976	23634	320992	23634	web-scheme	1	88	3	663	28146	32872	5969	32917	88365	13	32	0	21196	14910	26451	13323
json-api-large-world-benchmark-v2	json-api	V2-64KiB-blocks	128	320976	25226	320992	25226	web-scheme	5	88	15	2875	50898	33834	5922	30294	77790	55	32	0	21196	14910	26451	13323
json-api-large-world-benchmark-v2	json-api	V3-whole-file-ctx2	128	320976	23582	320992	23582	web-scheme	1	88	3	1058	27435	32633	5969	32917	88365	11	32	138	21196	14910	26451	13323
json-api-large-world-benchmark-v2	json-api	V3-whole-file-ctx3	128	320976	23232	320992	23232	web-scheme	1	88	3	1318	25758	31247	5969	32917	88365	11	32	142	21196	14910	26451	13323
json-api-large-world-benchmark-v2	json-api	V4-64KiB-blocks-ctx2	128	320976	25320	320992	25320	web-scheme	5	88	15	4557	50059	33060	5922	30294	77790	52	32	690	21196	14910	26451	13323
json-api-large-world-benchmark-v2	json-api	V1-whole-file	1024	320976	23430	320992	23430	web-scheme	1	88	3	666	28114	32465	5950	32409	87697	13	32	0	21196	14910	26451	13323
json-api-large-world-benchmark-v2	json-api	V2-64KiB-blocks	1024	320976	25163	320992	25163	web-scheme	5	88	15	2885	50771	33694	5909	30199	77655	55	32	0	21196	14910	26451	13323
json-api-large-world-benchmark-v2	json-api	V3-whole-file-ctx2	1024	320976	23377	320992	23377	web-scheme	1	88	3	1057	27371	32253	5950	32409	87697	11	32	138	21196	14910	26451	13323
json-api-large-world-benchmark-v2	json-api	V3-whole-file-ctx3	1024	320976	23030	320992	23030	web-scheme	1	88	3	1310	25710	30887	5950	32409	87697	11	32	142	21196	14910	26451	13323
json-api-large-world-benchmark-v2	json-api	V4-64KiB-blocks-ctx2	1024	320976	25257	320992	25257	web-scheme	5	88	15	4547	49900	32964	5909	30199	77655	52	32	690	21196	14910	26451	13323
json-api-large-world-benchmark-v2	json-api	V1-whole-file	opt256	320976	19287	320992	19287	web-scheme	1	88	3	685	76740	21415	4873	13945	36499	14	32	0	21196	14910	26451	13323
json-api-large-world-benchmark-v2	json-api	V2-64KiB-blocks	opt256	320976	21738	320992	21738	web-scheme	5	88	15	2862	93568	24355	4895	12666	35364	58	32	0	21196	14910	26451	13323
json-api-large-world-benchmark-v2	json-api	V3-whole-file-ctx2	opt256	320976	19262	320992	19262	web-scheme	1	88	3	1054	76643	20810	4873	13945	36499	11	32	138	21196	14910	26451	13323
json-api-large-world-benchmark-v2	json-api	V3-whole-file-ctx3	opt256	320976	18674	320992	18674	web-scheme	1	88	3	1354	71978	20464	4873	13945	36499	11	32	142	21196	14910	26451	13323
json-api-large-world-benchmark-v2	json-api	V4-64KiB-blocks-ctx2	opt256	320976	21835	320992	21835	web-scheme	5	88	15	4467	92552	23855	4895	12666	35364	55	32	690	21196	14910	26451	13323
json-api-medium-web-benchmark-v2	json-api	V1-whole-file	16	98948	11148	98964	11148	web-scheme	1	88	3	613	17746	17402	5545	15585	32152	12	32	0	10516	8344	13356	5719
json-api-medium-web-benchmark-v2	json-api	V2-64KiB-blocks	16	98948	11018	98964	11018	web-scheme	2	88	6	1071	22625	16420	5535	13879	28458	23	32	0	10516	8344	13356	5719
json-api-medium-web-benchmark-v2	json-api	V3-whole-file-ctx2	16	98948	11087	98964	11087	web-scheme	1	88	3	966	17425	16745	5545	15585	32152	10	32	138	10516	8344	13356	5719
json-api-medium-web-benchmark-v2	json-api	V3-whole-file-ctx3	16	98948	10922	98964	10922	web-scheme	1	88	3	1213	16219	16385	5545	15585	32152	10	32	142	10516	8344	13356	5719
json-api-medium-web-benchmark-v2	json-api	V4-64KiB-blocks-ctx2	16	98948	10967	98964	10967	web-scheme	2	88	6	1711	21938	15790	5535	13879	28458	20	32	276	10516	8344	13356	5719
json-api-medium-web-benchmark-v2	json-api	V1-whole-file	128	98948	10913	98964	10913	web-scheme	1	88	3	603	17816	16864	5530	15007	31347	12	32	0	10516	8344	13356	5719
json-api-medium-web-benchmark-v2	json-api	V2-64KiB-blocks	128	98948	10821	98964	10821	web-scheme	2	88	6	1037	22695	15895	5508	13531	27752	23	32	0	10516	8344	13356	5719
json-api-medium-web-benchmark-v2	json-api	V3-whole-file-ctx2	128	98948	10840	98964	10840	web-scheme	1	88	3	951	17713	15896	5530	15007	31347	10	32	138	10516	8344	13356	5719
json-api-medium-web-benchmark-v2	json-api	V3-whole-file-ctx3	128	98948	10684	98964	10684	web-scheme	1	88	3	1203	16715	15390	5530	15007	31347	10	32	142	10516	8344	13356	5719
json-api-medium-web-benchmark-v2	json-api	V4-64KiB-blocks-ctx2	128	98948	10763	98964	10763	web-scheme	2	88	6	1676	22198	15014	5508	13531	27752	20	32	276	10516	8344	13356	5719
json-api-medium-web-benchmark-v2	json-api	V1-whole-file	1024	98948	10926	98964	10926	web-scheme	1	88	3	598	17700	16858	5554	15043	31520	12	32	0	10516	8344	13356	5719
json-api-medium-web-benchmark-v2	json-api	V2-64KiB-blocks	1024	98948	10834	98964	10834	web-scheme	2	88	6	1047	22569	15908	5532	13561	27903	23	32	0	10516	8344	13356	5719
json-api-medium-web-benchmark-v2	json-api	V3-whole-file-ctx2	1024	98948	10863	98964	10863	web-scheme	1	88	3	948	17772	15791	5554	15043	31520	10	32	138	10516	8344	13356	5719
json-api-medium-web-benchmark-v2	json-api	V3-whole-file-ctx3	1024	98948	10710	98964	10710	web-scheme	1	88	3	1210	16719	15354	5554	15043	31520	10	32	142	10516	8344	13356	5719
json-api-medium-web-benchmark-v2	json-api	V4-64KiB-blocks-ctx2	1024	98948	10785	98964	10785	web-scheme	2	88	6	1675	22340	14845	5532	13561	27903	20	32	276	10516	8344	13356	5719
json-api-medium-web-benchmark-v2	json-api	V1-whole-file	opt256	98948	9963	98964	9963	web-scheme	1	88	3	606	26795	14335	5240	11348	21239	12	32	0	10516	8344	13356	5719
json-api-medium-web-benchmark-v2	json-api	V2-64KiB-blocks	opt256	98948	10087	98964	10087	web-scheme	2	88	6	1102	28575	13431	5208	10924	21304	22	32	0	10516	8344	13356	5719
json-api-medium-web-benchmark-v2	json-api	V3-whole-file-ctx2	opt256	98948	9954	98964	9954	web-scheme	1	88	3	965	26309	14260	5240	11348	21239	10	32	138	10516	8344	13356	5719
json-api-medium-web-benchmark-v2	json-api	V3-whole-file-ctx3	opt256	98948	9688	98964	9688	web-scheme	1	88	3	1246	24917	13239	5240	11348	21239	10	32	142	10516	8344	13356	5719
json-api-medium-web-benchmark-v2	json-api	V4-64KiB-blocks-ctx2	opt256	98948	10102	98964	10102	web-scheme	2	88	6	1747	28148	13059	5208	10924	21304	20	32	276	10516	8344	13356	5719
json-api-small-hypotheses-v2	json-api	V1-whole-file	16	13880	1682	13895	1682	web-scheme	1	80	3	510	4839	2437	564	1747	3234	10	32	0	1674	1383	2642	1442
json-api-small-hypotheses-v2	json-api	V2-64KiB-blocks	16	13880	1682	13895	1682	web-scheme	1	80	3	510	4839	2437	564	1747	3234	10	32	0	1674	1383	2642	1442
json-api-small-hypotheses-v2	json-api	V3-whole-file-ctx2	16	13880	1708	13895	1708	web-scheme	1	80	3	816	4622	2414	564	1747	3234	8	32	138	1674	1383	2642	1442
json-api-small-hypotheses-v2	json-api	V3-whole-file-ctx3	16	13880	1675	13895	1675	web-scheme	1	80	3	964	4315	2304	564	1747	3234	8	32	142	1674	1383	2642	1442
json-api-small-hypotheses-v2	json-api	V4-64KiB-blocks-ctx2	16	13880	1708	13895	1708	web-scheme	1	80	3	816	4622	2414	564	1747	3234	8	32	138	1674	1383	2642	1442
json-api-small-hypotheses-v2	json-api	V1-whole-file	128	13880	1653	13895	1653	web-scheme	1	80	3	524	4731	2423	556	1701	3164	10	32	0	1674	1383	2642	1442
json-api-small-hypotheses-v2	json-api	V2-64KiB-blocks	128	13880	1653	13895	1653	web-scheme	1	80	3	524	4731	2423	556	1701	3164	10	32	0	1674	1383	2642	1442
json-api-small-hypotheses-v2	json-api	V3-whole-file-ctx2	128	13880	1677	13895	1677	web-scheme	1	80	3	811	4565	2358	556	1701	3164	8	32	138	1674	1383	2642	1442
json-api-small-hypotheses-v2	json-api	V3-whole-file-ctx3	128	13880	1642	13895	1642	web-scheme	1	80	3	946	4243	2255	556	1701	3164	8	32	142	1674	1383	2642	1442
json-api-small-hypotheses-v2	json-api	V4-64KiB-blocks-ctx2	128	13880	1677	13895	1677	web-scheme	1	80	3	811	4565	2358	556	1701	3164	8	32	138	1674	1383	2642	1442
json-api-small-hypotheses-v2	json-api	V1-whole-file	1024	13880	1651	13895	1651	web-scheme	1	80	3	524	4707	2419	557	1706	3170	10	32	0	1674	1383	2642	1442
json-api-small-hypotheses-v2	json-api	V2-64KiB-blocks	1024	13880	1651	13895	1651	web-scheme	1	80	3	524	4707	2419	557	1706	3170	10	32	0	1674	1383	2642	1442
json-api-small-hypotheses-v2	json-api	V3-whole-file-ctx2	1024	13880	1676	13895	1676	web-scheme	1	80	3	814	4535	2361	557	1706	3170	8	32	138	1674	1383	2642	1442
json-api-small-hypotheses-v2	json-api	V3-whole-file-ctx3	1024	13880	1641	13895	1641	web-scheme	1	80	3	953	4205	2268	557	1706	3170	8	32	142	1674	1383	2642	1442
json-api-small-hypotheses-v2	json-api	V4-64KiB-blocks-ctx2	1024	13880	1676	13895	1676	web-scheme	1	80	3	814	4535	2361	557	1706	3170	8	32	138	1674	1383	2642	1442
json-api-small-hypotheses-v2	json-api	V1-whole-file	opt256	13880	1599	13895	1599	web-scheme	1	80	3	518	5627	2129	546	1330	2511	10	32	0	1674	1383	2642	1442
json-api-small-hypotheses-v2	json-api	V2-64KiB-blocks	opt256	13880	1599	13895	1599	web-scheme	1	80	3	518	5627	2129	546	1330	2511	10	32	0	1674	1383	2642	1442
json-api-small-hypotheses-v2	json-api	V3-whole-file-ctx2	opt256	13880	1625	13895	1625	web-scheme	1	80	3	824	5384	2141	546	1330	2511	8	32	138	1674	1383	2642	1442
json-api-small-hypotheses-v2	json-api	V3-whole-file-ctx3	opt256	13880	1583	13895	1583	web-scheme	1	80	3	946	5045	2021	546	1330	2511	8	32	142	1674	1383	2642	1442
json-api-small-hypotheses-v2	json-api	V4-64KiB-blocks-ctx2	opt256	13880	1625	13895	1625	web-scheme	1	80	3	824	5384	2141	546	1330	2511	8	32	138	1674	1383	2642	1442
source-map-large-magic-string-v2	source-map	V1-whole-file	16	112594	22282	112610	22282	web-scheme	1	88	3	695	26373	40090	5119	40897	64943	13	32	0	20194	17827	23906	13664
source-map-large-magic-string-v2	source-map	V2-64KiB-blocks	16	112594	22203	112610	22203	web-scheme	2	88	6	1233	26677	39406	5095	40565	64494	24	32	0	20194	17827	23906	13664
source-map-large-magic-string-v2	source-map	V3-whole-file-ctx2	16	112594	22122	112610	22122	web-scheme	1	88	3	1155	25493	39089	5119	40897	64943	12	32	138	20194	17827	23906	13664
source-map-large-magic-string-v2	source-map	V3-whole-file-ctx3	16	112594	22116	112610	22116	web-scheme	1	88	3	1433	25336	38920	5119	40897	64943	12	32	142	20194	17827	23906	13664
source-map-large-magic-string-v2	source-map	V4-64KiB-blocks-ctx2	16	112594	22045	112610	22045	web-scheme	2	88	6	2009	25566	38201	5095	40565	64494	23	32	276	20194	17827	23906	13664
source-map-large-magic-string-v2	source-map	V1-whole-file	128	112594	20671	112610	20671	web-scheme	1	88	3	681	24209	35757	5873	34973	63739	13	32	0	20194	17827	23906	13664
source-map-large-magic-string-v2	source-map	V2-64KiB-blocks	128	112594	20737	112610	20737	web-scheme	2	88	6	1238	24695	35394	5808	35200	63410	23	32	0	20194	17827	23906	13664
source-map-large-magic-string-v2	source-map	V3-whole-file-ctx2	128	112594	20573	112610	20573	web-scheme	1	88	3	1124	23327	35273	5873	34973	63739	12	32	138	20194	17827	23906	13664
source-map-large-magic-string-v2	source-map	V3-whole-file-ctx3	128	112594	20570	112610	20570	web-scheme	1	88	3	1414	23107	35174	5873	34973	63739	12	32	142	20194	17827	23906	13664
source-map-large-magic-string-v2	source-map	V4-64KiB-blocks-ctx2	128	112594	20631	112610	20631	web-scheme	2	88	6	1994	23666	34544	5808	35200	63410	23	32	276	20194	17827	23906	13664
source-map-large-magic-string-v2	source-map	V1-whole-file	1024	112594	20194	112610	20194	web-scheme	1	88	3	674	23242	34153	6194	33276	63873	13	32	0	20194	17827	23906	13664
source-map-large-magic-string-v2	source-map	V2-64KiB-blocks	1024	112594	20335	112610	20335	web-scheme	2	88	6	1247	24124	33764	6097	33747	63548	23	32	0	20194	17827	23906	13664
source-map-large-magic-string-v2	source-map	V3-whole-file-ctx2	1024	112594	20113	112610	20113	web-scheme	1	88	3	1103	22477	33707	6194	33276	63873	12	32	138	20194	17827	23906	13664
source-map-large-magic-string-v2	source-map	V3-whole-file-ctx3	1024	112594	20112	112610	20112	web-scheme	1	88	3	1390	22258	33628	6194	33276	63873	12	32	142	20194	17827	23906	13664
source-map-large-magic-string-v2	source-map	V4-64KiB-blocks-ctx2	1024	112594	20247	112610	20247	web-scheme	2	88	6	1990	22893	33275	6097	33747	63548	22	32	276	20194	17827	23906	13664
source-map-large-magic-string-v2	source-map	V1-whole-file	opt256	112594	19111	112610	19111	web-scheme	1	88	3	711	23695	32386	5380	33617	56958	13	32	0	20194	17827	23906	13664
source-map-large-magic-string-v2	source-map	V2-64KiB-blocks	opt256	112594	19216	112610	19216	web-scheme	2	88	6	1266	25904	31685	5447	33436	55837	23	32	0	20194	17827	23906	13664
source-map-large-magic-string-v2	source-map	V3-whole-file-ctx2	opt256	112594	19097	112610	19097	web-scheme	1	88	3	1141	23084	32322	5380	33617	56958	12	32	138	20194	17827	23906	13664
source-map-large-magic-string-v2	source-map	V3-whole-file-ctx3	opt256	112594	19097	112610	19097	web-scheme	1	88	3	1437	22764	32338	5380	33617	56958	12	32	142	20194	17827	23906	13664
source-map-large-magic-string-v2	source-map	V4-64KiB-blocks-ctx2	opt256	112594	19243	112610	19243	web-scheme	2	88	6	2033	25335	31431	5447	33436	55837	21	32	276	20194	17827	23906	13664
source-map-small-sourcemap-codec-v2	source-map	V1-whole-file	16	9700	2674	9715	2674	web-scheme	1	80	3	528	4684	4483	276	4347	6948	10	32	0	2546	2319	3849	1829
source-map-small-sourcemap-codec-v2	source-map	V2-64KiB-blocks	16	9700	2674	9715	2674	web-scheme	1	80	3	528	4684	4483	276	4347	6948	10	32	0	2546	2319	3849	1829
source-map-small-sourcemap-codec-v2	source-map	V3-whole-file-ctx2	16	9700	2689	9715	2689	web-scheme	1	80	3	859	4460	4355	276	4347	6948	9	32	138	2546	2319	3849	1829
source-map-small-sourcemap-codec-v2	source-map	V3-whole-file-ctx3	16	9700	2694	9715	2694	web-scheme	1	80	3	983	4416	4314	276	4347	6948	9	32	142	2546	2319	3849	1829
source-map-small-sourcemap-codec-v2	source-map	V4-64KiB-blocks-ctx2	16	9700	2689	9715	2689	web-scheme	1	80	3	859	4460	4355	276	4347	6948	9	32	138	2546	2319	3849	1829
source-map-small-sourcemap-codec-v2	source-map	V1-whole-file	128	9700	2544	9715	2544	web-scheme	1	80	3	492	4315	4289	341	3961	6822	10	32	0	2546	2319	3849	1829
source-map-small-sourcemap-codec-v2	source-map	V2-64KiB-blocks	128	9700	2544	9715	2544	web-scheme	1	80	3	492	4315	4289	341	3961	6822	10	32	0	2546	2319	3849	1829
source-map-small-sourcemap-codec-v2	source-map	V3-whole-file-ctx2	128	9700	2562	9715	2562	web-scheme	1	80	3	830	4124	4150	341	3961	6822	9	32	138	2546	2319	3849	1829
source-map-small-sourcemap-codec-v2	source-map	V3-whole-file-ctx3	128	9700	2568	9715	2568	web-scheme	1	80	3	955	4071	4126	341	3961	6822	9	32	142	2546	2319	3849	1829
source-map-small-sourcemap-codec-v2	source-map	V4-64KiB-blocks-ctx2	128	9700	2562	9715	2562	web-scheme	1	80	3	830	4124	4150	341	3961	6822	9	32	138	2546	2319	3849	1829
source-map-small-sourcemap-codec-v2	source-map	V1-whole-file	1024	9700	2537	9715	2537	web-scheme	1	80	3	480	4289	4275	343	3952	6828	10	32	0	2546	2319	3849	1829
source-map-small-sourcemap-codec-v2	source-map	V2-64KiB-blocks	1024	9700	2537	9715	2537	web-scheme	1	80	3	480	4289	4275	343	3952	6828	10	32	0	2546	2319	3849	1829
source-map-small-sourcemap-codec-v2	source-map	V3-whole-file-ctx2	1024	9700	2556	9715	2556	web-scheme	1	80	3	821	4088	4154	343	3952	6828	9	32	138	2546	2319	3849	1829
source-map-small-sourcemap-codec-v2	source-map	V3-whole-file-ctx3	1024	9700	2563	9715	2563	web-scheme	1	80	3	944	4036	4131	343	3952	6828	9	32	142	2546	2319	3849	1829
source-map-small-sourcemap-codec-v2	source-map	V4-64KiB-blocks-ctx2	1024	9700	2556	9715	2556	web-scheme	1	80	3	821	4088	4154	343	3952	6828	9	32	138	2546	2319	3849	1829
source-map-small-sourcemap-codec-v2	source-map	V1-whole-file	opt256	9700	2407	9715	2407	web-scheme	1	80	3	535	4447	3774	282	3912	6177	11	32	0	2546	2319	3849	1829
source-map-small-sourcemap-codec-v2	source-map	V2-64KiB-blocks	opt256	9700	2407	9715	2407	web-scheme	1	80	3	535	4447	3774	282	3912	6177	11	32	0	2546	2319	3849	1829
source-map-small-sourcemap-codec-v2	source-map	V3-whole-file-ctx2	opt256	9700	2430	9715	2430	web-scheme	1	80	3	807	4344	3656	282	3912	6177	8	32	138	2546	2319	3849	1829
source-map-small-sourcemap-codec-v2	source-map	V3-whole-file-ctx3	opt256	9700	2436	9715	2436	web-scheme	1	80	3	946	4253	3649	282	3912	6177	8	32	142	2546	2319	3849	1829
source-map-small-sourcemap-codec-v2	source-map	V4-64KiB-blocks-ctx2	opt256	9700	2430	9715	2430	web-scheme	1	80	3	807	4344	3656	282	3912	6177	8	32	138	2546	2319	3849	1829
woff2-medium-inter-latin-v20	woff2	V1-whole-file	16	23664	23662	23680	23662	web-scheme	1	88	3	374	188020	371	4	140	250	14	32	0	23688	23623	24421	23677
woff2-medium-inter-latin-v20	woff2	V2-64KiB-blocks	16	23664	23662	23680	23662	web-scheme	1	88	3	374	188020	371	4	140	250	14	32	0	23688	23623	24421	23677
woff2-medium-inter-latin-v20	woff2	V3-whole-file-ctx2	16	23664	23716	23680	23680	store	1	88	3	718	187966	373	4	140	250	11	32	138	23688	23623	24421	23677
woff2-medium-inter-latin-v20	woff2	V3-whole-file-ctx3	16	23664	23785	23680	23680	store	1	88	3	1431	187805	370	4	140	250	9	32	142	23688	23623	24421	23677
woff2-medium-inter-latin-v20	woff2	V4-64KiB-blocks-ctx2	16	23664	23716	23680	23680	store	1	88	3	718	187966	373	4	140	250	11	32	138	23688	23623	24421	23677
woff2-medium-inter-latin-v20	woff2	V1-whole-file	128	23664	23662	23680	23662	web-scheme	1	88	3	374	188020	371	4	140	250	14	32	0	23688	23623	24421	23677
woff2-medium-inter-latin-v20	woff2	V2-64KiB-blocks	128	23664	23662	23680	23662	web-scheme	1	88	3	374	188020	371	4	140	250	14	32	0	23688	23623	24421	23677
woff2-medium-inter-latin-v20	woff2	V3-whole-file-ctx2	128	23664	23716	23680	23680	store	1	88	3	718	187966	373	4	140	250	11	32	138	23688	23623	24421	23677
woff2-medium-inter-latin-v20	woff2	V3-whole-file-ctx3	128	23664	23785	23680	23680	store	1	88	3	1431	187805	370	4	140	250	9	32	142	23688	23623	24421	23677
woff2-medium-inter-latin-v20	woff2	V4-64KiB-blocks-ctx2	128	23664	23716	23680	23680	store	1	88	3	718	187966	373	4	140	250	11	32	138	23688	23623	24421	23677
woff2-medium-inter-latin-v20	woff2	V1-whole-file	1024	23664	23662	23680	23662	web-scheme	1	88	3	374	188020	371	4	140	250	14	32	0	23688	23623	24421	23677
woff2-medium-inter-latin-v20	woff2	V2-64KiB-blocks	1024	23664	23662	23680	23662	web-scheme	1	88	3	374	188020	371	4	140	250	14	32	0	23688	23623	24421	23677
woff2-medium-inter-latin-v20	woff2	V3-whole-file-ctx2	1024	23664	23716	23680	23680	store	1	88	3	718	187966	373	4	140	250	11	32	138	23688	23623	24421	23677
woff2-medium-inter-latin-v20	woff2	V3-whole-file-ctx3	1024	23664	23785	23680	23680	store	1	88	3	1431	187805	370	4	140	250	9	32	142	23688	23623	24421	23677
woff2-medium-inter-latin-v20	woff2	V4-64KiB-blocks-ctx2	1024	23664	23716	23680	23680	store	1	88	3	718	187966	373	4	140	250	11	32	138	23688	23623	24421	23677
woff2-medium-inter-latin-v20	woff2	V1-whole-file	opt256	23664	23651	23680	23651	web-scheme	1	88	3	330	188380	222	5	70	65	13	32	0	23688	23623	24421	23677
woff2-medium-inter-latin-v20	woff2	V2-64KiB-blocks	opt256	23664	23651	23680	23651	web-scheme	1	88	3	330	188380	222	5	70	65	13	32	0	23688	23623	24421	23677
woff2-medium-inter-latin-v20	woff2	V3-whole-file-ctx2	opt256	23664	23704	23680	23680	store	1	88	3	674	188325	221	5	70	65	11	32	138	23688	23623	24421	23677
woff2-medium-inter-latin-v20	woff2	V3-whole-file-ctx3	opt256	23664	23771	23680	23680	store	1	88	3	1371	188162	220	5	70	65	10	32	142	23688	23623	24421	23677
woff2-medium-inter-latin-v20	woff2	V4-64KiB-blocks-ctx2	opt256	23664	23704	23680	23680	store	1	88	3	674	188325	221	5	70	65	11	32	138	23688	23623	24421	23677
