corpus	file	type	orig	codec	compressed	ratio	encode_rc	decode_rc	cmp	encode_seconds	decode_seconds	archive_sha256
silesia	dickens	text	10192446	7z	2831111	0.27776561190513055	0	0	0	3.922685224097222	0.16475654719397426	0930e79c6a966df6d9b5ee07bda7669f4eaa0a63fb9b2a9b0a99d946ea62829c
silesia	dickens	text	10192446	ppmd	2296792	0.22534257233249017	0	0	0	0.7659480660222471	0.8166509810835123	6b77a7a971e4e3af2788d838613b8c9a16d01530ec83c2d91b872e83d70f1111
silesia	dickens	text	10192446	xz	2831212	0.27777552120462545	0	0	0	6.12813697103411	0.16472749901004136	5f02e173d6f9582e2010934165e0a7524c04fed6986d7a7dcd77efa9f047d173
silesia	dickens	text	10192446	brotli	2827777	0.27743850690992133	0	0	0	19.408818344119936	0.06467406707815826	741079fd74fd0769b42b02e2f251d2e31428f972f90531aa6ba3e7833968b226
silesia	dickens	text	10192446	zstd	2849388	0.27955880266620986	0	0	0	6.428889886941761	0.06463597202673554	0888006f732e367a340fbf2ad1fc14f92b16310c0cf78ce478b73262c6eb45ae
silesia	dickens	text	10192446	bzip2	2799520	0.27466615962449054	0	0	0	0.8160542820114642	0.41528422199189663	192e654a7c26c02a7d4ca741f60d4d0ec1fd450df4387a600a864c8a1d45e9c8
silesia	dickens	text	10192446	gzip	3851823	0.3779095812722481	0	0	0	0.9663354530930519	0.11457080906257033	4a267083db091ef9a88fddde9906adfd92068ed90fad52f6ed49f13c1fa574a9
silesia	dickens	text	10192446	rar	3032405	0.2975149439104215	0	0	0	0.5152273830026388	0.11422405880875885	73843cf27368b9765ad70a6c9bab0619df41e0a1ae4db2bcecfd2fcd28387792
silesia	dickens	text	10192446	lz4	4384871	0.4302079206502541	0	0	0	0.9660596430767328	0.06459202407859266	0c5344b74f1d98a3b565044380ddb8ac249db4ba3f399b90a34f12ef7dcab730
silesia	mozilla	exe	51220480	7z	13344686	0.2605341847635946	0	0	0	11.791158513864502	0.916470211930573	9836579ea9039010a0be1cffb72a18835ee12351d2ceadce89ec3b653954b10e
silesia	mozilla	exe	51220480	ppmd	16211446	0.3165032034061375	0	0	0	8.834354636026546	9.486256956122816	1c74c9e35a3abc99070c7ac5b7c07646a832ab282d54440e40eadaccbc418ba2
silesia	mozilla	exe	51220480	xz	13376240	0.2611502274090364	0	0	0	25.12142999097705	0.9667091011069715	9dd2b654e2194137a4df3bd2371e80eedebcd3788a3b9b9c394285f7ccbca542
silesia	mozilla	exe	51220480	brotli	13872265	0.27083434204443224	0	0	0	144.34429548494518	0.2650076060090214	d0fa5c0850d692baba9e1cd4e70313368b049e8c5677cf5131e1543f7411a9e7
silesia	mozilla	exe	51220480	zstd	14967875	0.2922244188262195	0	0	0	25.571929089957848	0.16480900696478784	d5c6e41a3e9a04e4d190447dc0ca1f4d63fde68886b80397f00225e3308cd378
silesia	mozilla	exe	51220480	bzip2	17914392	0.34975056852259095	0	0	0	3.5724324849434197	1.868509033927694	3f1375c1f9ec1a3d9cef9e9fe8dbdc3e8872c176590d8e06e14d507a6935b430
silesia	mozilla	exe	51220480	gzip	18994142	0.37083100353608556	0	0	0	7.7315711891278625	0.41549824993126094	2b0e4f10d839ba13952c1b41f73c66e484b3be5c8a815a506f4354c5a8ec7b6a
silesia	mozilla	exe	51220480	rar	15154691	0.29587170990978606	0	0	0	1.5694309188984334	0.365054541034624	fe8fafa7d4e04993bf067562d46c038c2eb9d6d66b218690c476679a4a90423b
silesia	mozilla	exe	51220480	lz4	22035615	0.4302110210603259	0	0	0	8.783790110144764	0.11474293004721403	8cb2ad3d35fc931f62a4b17b00f8cf00ee7c2f633fdad5f0a50435db2189dcac
silesia	mr	image	9970564	7z	2748257	0.275637065265315	0	0	0	2.218851857120171	0.21471242094412446	2e94d125f1c5b92b1d0a7911ea1dfa084b5c40c45edfc030912e471a07914462
silesia	mr	image	9970564	ppmd	2301139	0.23079326304911135	0	0	0	0.8159756199456751	0.8664632057771087	f66788dee1712bdc0f3fecfd17340eacbb7cebc8fd2e49e439b5f1faea217971
silesia	mr	image	9970564	xz	2751892	0.2760016384228615	0	0	0	6.127876348095015	0.2148867081850767	7f493be80e17e02b14d386205cb80b03924973a690a6d04910080a3843160ab8
silesia	mr	image	9970564	brotli	2823136	0.28314707172031595	0	0	0	21.76412473595701	0.06455691298469901	53e6f7815c0ebea921219ddcb71d925f3e5a31c2dbbf37281efbe41b4c8d8481
silesia	mr	image	9970564	zstd	3105773	0.3114942143694178	0	0	0	5.226268227910623	0.03234977391548455	07e44942e53649f85d86f2734883ebac31cf49a1d6c3f3c06116221f7cbc6a0b
silesia	mr	image	9970564	bzip2	2441280	0.2448487367414722	0	0	0	0.5654948910232633	0.3151282409671694	b5c65c53720a4b7d933e0d96d87fbc7fab29ebe0ba1247a5ed056875a72da4ee
silesia	mr	image	9970564	gzip	3673940	0.3684786537652233	0	0	0	1.5176821891218424	0.11468239896930754	ce919c48c6593313d9a38bc8a02dfba07e16dd88306453d23ffc618d2602e641
silesia	mr	image	9970564	rar	2779962	0.2788169255019074	0	0	0	0.6656537288799882	0.11459361296147108	d37916d93c724253a1ca179c8cc7f2440c83bfaa3014379d61a0904f9623877d
silesia	mr	image	9970564	lz4	4192122	0.4204498361376548	0	0	0	1.3172370591200888	0.03249595407396555	40e191cee2a4a1e9c55e7e9848300e0fe08d1496e5ea895b388534b26fb3e63f
silesia	nci	database	33553445	7z	1741410	0.051899588849967565	0	0	0	8.73443272896111	0.21495691686868668	56bf1c8b5b8d627f7075ecc7a46d81ae3a17921fd74ab9f562d28e69b2c51cd1
silesia	nci	database	33553445	ppmd	2300655	0.06856687890021428	0	0	0	0.615604483988136	0.7158133019693196	35f863fdb07cb5f571f4a1350d1aea89c264db98622b726ef6f2ed829e1a18de
silesia	nci	database	33553445	xz	1449272	0.04319294188718923	0	0	0	21.813838633941486	0.2149325089994818	e287683be80db2b84d754fdfe0657c7035f976dcd739be2c5521584fed34de10
silesia	nci	database	33553445	brotli	1519768	0.0452939482071066	0	0	0	64.46089971298352	0.11474073398858309	d05234578b69503068f4597002af3cc03b1efa16f19e90fb60836406c4ce77fb
silesia	nci	database	33553445	zstd	1615446	0.04814545868538983	0	0	0	29.036906500114128	0.0645484859123826	91db723bdb8e7aad160e1a12b4a51d0db7be45c3dcbb15de00896eb398701399
silesia	nci	database	33553445	bzip2	1812734	0.05402527221869468	0	0	0	4.073672386817634	0.76621751813218	5510d13d670be5bbcaf8e1c628a21a4913b3380a0de325cb1cf9010c562d2edb
silesia	nci	database	33553445	gzip	2987533	0.08903804065424578	0	0	0	2.2192810729611665	0.16481024818494916	4ace0d1300f010c8e79afe0b8ad5cbee1c5809bce5072e760a394b5dc3706362
silesia	nci	database	33553445	rar	1858707	0.05539541468841724	0	0	0	0.9717407219577581	0.16464475891552866	a866b87caaeefbac1eb40ae668d244b32e8367e5c6a16564ebd5ac2a2a2be253
silesia	nci	database	33553445	lz4	3628161	0.10813080445241911	0	0	0	2.2690934049896896	0.06450167298316956	8138c9a40ab6d52199ee26e78f705005c933b34744bcefb38c9bf9ff308fb5d2
silesia	ooffice	exe	6152192	7z	2425568	0.3942607772969374	0	0	0	1.016101345885545	0.16470864694565535	42631366845d8ee2999b07a71c2b79f967c0a951fa2d044443af57eb25c63364
silesia	ooffice	exe	6152192	ppmd	2543421	0.4134170390000832	0	0	0	1.2168025150895119	1.3172514198813587	e8cfa45449c1b93c6f23fdf46b1017dd60738fe22570ec1e1333a327681bc44f
silesia	ooffice	exe	6152192	xz	2427224	0.39452994965046606	0	0	0	2.369407261023298	0.2148281999398023	86053d86be578825b5a19737a3c1ca3873afac09e80b1a3aca508ad54a54964d
silesia	ooffice	exe	6152192	brotli	2478855	0.4029222429989181	0	0	0	16.10003776103258	0.06451009982265532	227968b395135d657820ff6e03f89ec7a4b8ee103c0b7d07a05a1af65de4b16b
silesia	ooffice	exe	6152192	zstd	2598838	0.4224247227654794	0	0	0	2.3191437779460102	0.032457258086651564	0072ce162ba45d59a4183ab35e32d87de7a9a3a731897ab0cc5e2ca8a96e7415
silesia	ooffice	exe	6152192	bzip2	2862526	0.46528554375416115	0	0	0	0.5152907350566238	0.3152896799147129	cc3873fadefb2b0cf64318fa517ef8dd6265808c3f4a602320673754a3ffd176
silesia	ooffice	exe	6152192	gzip	3090442	0.5023318518017643	0	0	0	0.6155463350005448	0.11430001794360578	6f9aa131c42fe397e11ea52e47a13340784f6d54058f4d74de835b46bbce0a47
silesia	ooffice	exe	6152192	rar	2302664	0.37428350740679095	0	0	0	0.3666908440645784	0.11452847206965089	70ff74e330bfd1efce476d0b6cf7b3c5cebf43aa6f125f58ef6582897df236cd
silesia	ooffice	exe	6152192	lz4	3537552	0.5750067618175766	0	0	0	0.46528909588232636	0.03239223803393543	522fc80a0b3e8efa74ba6341a62ecbae37236c3eb8d0ba4e95de6471d7e48194
silesia	osdb	database	10085684	7z	2851796	0.28275682640860056	0	0	0	2.2194716988597065	0.21475674794055521	11491bf1b3dda2091c430c55ece4ab5b622d17acd61cca9e0cce9cd17d6106bb
silesia	osdb	database	10085684	ppmd	2386690	0.23664136215253223	0	0	0	1.1166269620880485	1.1673721510451287	991581c75dcabebc36c80fe745ca4a43e9235377416f0a05e086f8811d76207a
silesia	osdb	database	10085684	xz	2844556	0.2820389772275237	0	0	0	4.474350786069408	0.21491998294368386	98acf56b2be7fff191e272de1fbbb52654e5daae62fbdcffd5f1fd48b7eb4eaf
silesia	osdb	database	10085684	brotli	2816278	0.27923520110287015	0	0	0	18.255489375209436	0.06466036778874695	1825e8daf3a75b12a635616fd361d83ed568dc1d5d24f210f1ea1bf34a47cda3
silesia	osdb	database	10085684	zstd	3098446	0.3072122822805077	0	0	0	4.7746529469732195	0.06458171200938523	5fd26fc0dc7777fce326fdc1d6b65892a7119113e7afe75abdf94a3c7c12d5e7
silesia	osdb	database	10085684	bzip2	2802792	0.27789805827745545	0	0	0	0.7659916868433356	0.4152151730377227	1adaad6b614f0739f0a8401eaee34923af1284df70c1fe842dd3cab4cf334612
silesia	osdb	database	10085684	gzip	3716342	0.3684769421687215	0	0	0	0.515120275085792	0.11453818087466061	c7b18cb491c2ca1efc35b422c93c14d3ca5f5ca085f41179daf1307d999f9fff
silesia	osdb	database	10085684	rar	3237125	0.32096236606262896	0	0	0	0.6194575869012624	0.11425267299637198	858cfb054adb98078ed4f5ce224cff4ea3afe6f70425e4490f3cd183a7af4eba
silesia	osdb	database	10085684	lz4	3956812	0.3923196483252896	0	0	0	0.46522083901800215	0.03224249999038875	42e0e53a1819283497a68e273f10aa32664ea66372202bd960fb4eb52e32da1d
silesia	reymont	text	6627202	7z	1318394	0.1989367458544345	0	0	0	2.1687834809999913	0.11456441297195852	d641a911eca60740747955df7c30ab7efaa940fa468bcf8c1ebb0de2069bf0e5
silesia	reymont	text	6627202	ppmd	1141461	0.1722387517386674	0	0	0	0.3150529880076647	0.3150723068974912	f699c5b16b6bcd024f1b2df833012c949b4615cb562026198aa81afb0a2b93f1
silesia	reymont	text	6627202	xz	1315592	0.19851394298830788	0	0	0	3.772598383948207	0.11465047486126423	c008afe52bf1d146f25510af3d144b1afc20ba8116599701b211937a1959495b
silesia	reymont	text	6627202	brotli	1332158	0.2010136404473562	0	0	0	11.690273026004434	0.06452007917687297	5029c4a411c1959965b7071bb8dea3d62b35e57ab8ed60241d369cff51f237bc
silesia	reymont	text	6627202	zstd	1347616	0.20334614819346084	0	0	0	3.9732460530940443	0.03246659506112337	2e11ef26119fc494fe5d430145215dc0256228edaeffbeed69e1768a9d085ce7
silesia	reymont	text	6627202	bzip2	1246230	0.18804768588614018	0	0	0	0.515291424933821	0.2645342501346022	15b7f599293b09997f097321191dcc30a1f5e265ed3bfc455f2fb4ed661da966
silesia	reymont	text	6627202	gzip	1820834	0.27475154673118457	0	0	0	1.1669593178667128	0.06452356511726975	dbce2c1164f50e48c1784c41ac6913d90f9259840bc18f36cd78894e4421cac4
silesia	reymont	text	6627202	rar	1444913	0.21802760803126267	0	0	0	0.4149237519595772	0.06437428900972009	2428d90f9301e679f78894790cec4f0ae849d7c155bdc7f4cf77e62ea9975f23
silesia	reymont	text	6627202	lz4	2066309	0.31179206549008165	0	0	0	0.8657740750350058	0.032382157165557146	bcc0c0ea5bb73ba4c220b983d56173f6464b30596181d1a0f24bafff93620186
silesia	samba	code	21606400	7z	3759770	0.1740118668542654	0	0	0	3.7223183079622686	0.31485670804977417	f502282aaa1bf96310c18be8d7d014a4a7494e9e1bc5a6eab7b6482a5aa4baeb
silesia	samba	code	21606400	ppmd	4197794	0.19428474896327014	0	0	0	1.5176113839261234	1.7180365819949657	55e3ecd498358898078f08544ac5c8d85816eefebd904951393d7cd76cc6caa6
silesia	samba	code	21606400	xz	3739524	0.1730748296800948	0	0	0	10.588545814855024	0.3152164618950337	4b40cabdd6ab4cd61ce116a9f4e5ed7a3c5c9698297c6eb2059c82b27523de07
silesia	samba	code	21606400	brotli	3766340	0.17431594342417062	0	0	0	35.29437383590266	0.11467358004301786	544acbbb4b6a19435f4e32c84953c98992da45dc727281be17d5b05fb14dbbac
silesia	samba	code	21606400	zstd	3877354	0.1794539580864929	0	0	0	14.14500515605323	0.06448594108223915	ce9acb7f612ffec691da1f6550e0c9301c9f6d020dd6008c2c33a24902e2c60d
silesia	samba	code	21606400	bzip2	4549759	0.21057459826718009	0	0	0	1.5175497878808528	0.6156148079317063	8dd75980eae4783d11e5beca713ec4210d03dc88b4d362c4d2613319806781e2
silesia	samba	code	21606400	gzip	5408272	0.2503087973933649	0	0	0	1.11673270794563	0.16474905610084534	ab21d8f7f484b94fd6410b1eace3abe0cbb9f8483b08782561fc440c3da4568d
silesia	samba	code	21606400	rar	4107441	0.1901029787470379	0	0	0	0.8177764520514756	0.16436925111338496	a6727c4996b4d6eb9019d55aa298dd112a28def01c92415838c783e6ff9592dc
silesia	samba	code	21606400	lz4	6108252	0.2827056797985782	0	0	0	2.018537037074566	0.06450368696823716	cd0932ed2f14a3609f2f66784e72fb3b25275031ee54e3543229b3993bac0454
silesia	sao	binary	7251944	7z	4413926	0.6086541760388663	0	0	0	1.2175610868725926	0.315211343113333	661109669189110e1520453cf01a6fcbf07d4c4939fc6761d138b51cc263cb67
silesia	sao	binary	7251944	ppmd	4758053	0.6561072451745352	0	0	0	2.218895722879097	2.419369196984917	23ec3064dc12bc07faf6e35eab13d5e37b76b9015dfcef1af32e65e03fedb92a
silesia	sao	binary	7251944	xz	4425664	0.6102727765134425	0	0	0	2.971455608960241	0.3152335868217051	e7b7385921dbdd299939447204c16f76ceb67d292b2d2b7420330c9efc0b485a
silesia	sao	binary	7251944	brotli	4586092	0.6323948447478359	0	0	0	15.850151319988072	0.06458551995456219	d2ed56935d3988613ab9818edbd62cdd0f3eb7163a9cec612a288841f4ac9419
silesia	sao	binary	7251944	zstd	5000515	0.6895413147150612	0	0	0	2.469521794002503	0.032529480988159776	bb88cba52c4968af70b6058278250c0a2f101072c50c5615ba35236e1a807fa5
silesia	sao	binary	7251944	bzip2	4940524	0.681268912170309	0	0	0	0.6661461708135903	0.41517082205973566	99eb682a310de9a0f1426e988bcc16b3ed024fa732100e3b6c727d45f6949075
silesia	sao	binary	7251944	gzip	5327041	0.7345673105032251	0	0	0	0.6156995261553675	0.11460642702877522	4b72f8158392db2745e16a71b5d66605dae3ad504718af0df1406b015d998308
silesia	sao	binary	7251944	rar	5542555	0.7642854109187827	0	0	0	0.41694059409201145	0.11451913183555007	7942448c3a72846f83d7dab335c0b608fb12d695f2f4c987c208ecd3c6742757
silesia	sao	binary	7251944	lz4	5670974	0.7819936281912823	0	0	0	0.5153864920139313	0.032328160014003515	3d45986303813b4ffe571c91665d7ac6f8f99077899590d63fd63b5aae608ab0
silesia	webster	text	41458703	7z	8388839	0.2023420510767064	0	0	0	19.207228207960725	0.515612571965903	a5944eb256e44248af175906d0479c1f480c9ca5f3080d5d7bf0b49554ef39eb
silesia	webster	text	41458703	ppmd	6544130	0.15784695435358892	0	0	0	2.920555298915133	3.071306729922071	d9f8c6556eb6ecdf5f4b198dcf595c3990d79a71698f3e4f1e83a5af49e09af8
silesia	webster	text	41458703	xz	8368672	0.20185561521304707	0	0	0	29.981633231043816	0.5154402691405267	75f205c329f629feaf515e55750fe3f0cda2e93b563b0ca3e3d9b94b3bd2882c
silesia	webster	text	41458703	brotli	8428575	0.2033004988120347	0	0	0	80.84530754294246	0.16478185006417334	7177f036b1fb972d10199c3fa3844f646756cebdb49fe495c2550c0c4b3418fc
silesia	webster	text	41458703	zstd	8458306	0.20401762206598698	0	0	0	31.23492587916553	0.11473790812306106	e697f4269257cc72a326bd706b4533585e91ff34e897ed99021353d2810fc351
silesia	webster	text	41458703	bzip2	8644714	0.20851385534178432	0	0	0	3.421633787918836	1.3675518580712378	4001d84df5964f584daf0551a5f6a8bb8150608ceca49ff4ccbfb4dceb8ee9d6
silesia	webster	text	41458703	gzip	12061624	0.2909310501102748	0	0	0	2.8203708219807595	0.3151167018804699	eceeae6ca8ff49f4e7b306583367dcd2a46cea41c5be15e617abb18f7fe0f09b
silesia	webster	text	41458703	rar	9034971	0.217927005579504	0	0	0	1.3222459850367159	0.2645349290687591	3ed388eb75aded0f09e57d0c0674c5655204434c3e8872322f16221d5642e9a7
silesia	webster	text	41458703	lz4	13850346	0.33407571867359187	0	0	0	3.2714927098713815	0.11467877984978259	b04e0858d3ec1b0e641302d516d6452b84463b4e5009b0b14e6a7c6bb03beb23
silesia	x-ray	image	8474240	7z	4479871	0.528645754663545	0	0	0	1.3672549079637975	0.31500253500416875	73dbf2638fd8ad792bb330a3cb7e7d2482b081f65a415dc257c5c7dccb09f3a6
silesia	x-ray	image	8474240	ppmd	3851299	0.4544713154217959	0	0	0	2.219169456977397	2.4196403441019356	cc75ca0590f3b788ecfa71fb49e3978102a195bab364ddfebc12440387da5058
silesia	x-ray	image	8474240	xz	4491264	0.5299901820104221	0	0	0	3.421926378039643	0.3654908910393715	6e64e693062b6557102bd21384a8a0bf7e014533d91feb69580ba610e81c6811
silesia	x-ray	image	8474240	brotli	4682753	0.5525867806434559	0	0	0	22.265452170046046	0.11474889912642539	ce28a5fcfa7b480ba099bca3ba0a0f723c1f1828976a57aceaa045c191955d28
silesia	x-ray	image	8474240	zstd	5155752	0.6084028774261763	0	0	0	3.472245557932183	0.0645680739544332	bf5c321e587ad20fdb9b3a1c63a4108514cbccc7852cfe390526d51b0aa8876d
silesia	x-ray	image	8474240	bzip2	4051112	0.47805018503134206	0	0	0	0.6158216260373592	0.4153922009281814	1233211ff0d01c923f1b2d0b86d883a35b7326f58982a34d399621d85921deb2
silesia	x-ray	image	8474240	gzip	6037713	0.7124784051431161	0	0	0	0.4652979380916804	0.11459618504159153	7ef540af515e7ce0b75ed7d5b8a9e56c59da7034f204cb742d62375b9b01371a
silesia	x-ray	image	8474240	rar	4164971	0.49148608016766104	0	0	0	0.6658622932154685	0.11476035206578672	1fea76948cddfc359cab06eef250dae18f555d4abcc78a9df00a3e27953f07d5
silesia	x-ray	image	8474240	lz4	7180314	0.8473106732875161	0	0	0	0.41511227400042117	0.03225868195295334	846afdb2ec3e728f650090a39016cd23e143841ca83ac95ed1b90afd06a62c52
silesia	xml	text	5345280	7z	455003	0.08512238835009578	0	0	0	0.8660549570340663	0.06449811486527324	8a1a1e3ce70375c4b206f14b0a0f971a443f7a517cf2da7a3720181291c55834
silesia	xml	text	5345280	ppmd	496463	0.0928787640684866	0	0	0	0.21449579601176083	0.21465221815742552	e4a0f9eddbba3263fdb617e4ccb53bcffe698fadc2d405fa4716d0b8dbc9258b
silesia	xml	text	5345280	xz	434892	0.08136000359195403	0	0	0	1.9186389779206365	0.06454180204309523	fa536cba05ed5c3e2db62a76e605e2ecce84bbed367c4be7397983c11de06f74
silesia	xml	text	5345280	brotli	430566	0.08055069145114943	0	0	0	7.6835010522045195	0.03248761687427759	934de4c13a04ba4812ca398bbd4da4af7ad864d2dd94d7ea655c94aeb27743b6
silesia	xml	text	5345280	zstd	453217	0.08478826179358237	0	0	0	4.7267543990164995	0.03252594289369881	b2cf96c93eb977c0e12765a3562f16ba0ca0bd30da3358cc69ead0955976db17
silesia	xml	text	5345280	bzip2	441186	0.08253749102011494	0	0	0	0.565862582065165	0.1646592461038381	0aabaf9f4690cba2e8e8bb922cc386fc202e93bb1980747530cd8408a6ee4215
silesia	xml	text	5345280	gzip	662284	0.12390071240421456	0	0	0	0.26489352295175195	0.0644925138913095	5d5e04491afb92c2c62c1197c437d172b0765bdd296d228f825e6281819318a3
silesia	xml	text	5345280	rar	484710	0.09068000179597702	0	0	0	0.31493310700170696	0.06459099985659122	cc16d1167b030c802fecf478427f8cce6ddad393b1da6ebd6b7779da3438eeca
silesia	xml	text	5345280	lz4	761392	0.14244193007662836	0	0	0	0.3150315531529486	0.017633158015087247	334aea1827372af57f3d8b987eca36cc095dfe30844b13be11ae3d98e3fd87ec
enwik8	enwik8	text	100000000	7z	24862427	0.24862427	0	0	0	63.724931224947795	1.4677303608041257	c7bb1488a73e1e89444d10aa9314609aaf514c267c52cefe58f622c1abc85f59
enwik8	enwik8	text	100000000	ppmd	22403589	0.22403589	0	0	0	13.345075065968558	13.698580945143476	1624f222d0fc5afb4e10c48acd0847bf1173b1177f4949a0adccfd2df098e834
enwik8	enwik8	text	100000000	xz	24831648	0.24831648	0	0	0	87.7192420498468	1.467891288921237	56a5a0e4485badded8c6306af47e1aaa934c29d7acfb5922061397294f2b8578
enwik8	enwik8	text	100000000	brotli	25742001	0.25742001	0	0	0	228.7536019650288	0.41539035295136273	e9620bdd6ae743f9e8968b70352ceade13c76f1e484b0f66bd983aa22bd47c39
enwik8	enwik8	text	100000000	zstd	25333695	0.25333695	0	0	0	93.79739796300419	0.2651259119156748	5dc48bd4367917db884164767f8dd1220ff6d7c4b3510dddf177c905cf3d856b
enwik8	enwik8	text	100000000	bzip2	29008758	0.29008758	0	0	0	7.431172528071329	3.7730925739742815	278ff6e2f7575f1cc79e8ab98cdc8db1a7cfa43247a3a007b0fb28d31f5b4d24
enwik8	enwik8	text	100000000	gzip	36445248	0.36445248	0	0	0	6.37845464120619	0.7662498881109059	146bebb998af25d5ee28c23f26826b02efc5d39d9c1438762975dd4bce2f86d7
enwik8	enwik8	text	100000000	rar	27351345	0.27351345	0	0	0	2.64086393895559	0.715661256108433	ce5bf53bb55733324da3d4a9fd9001cf7cf4023aa93c3633cc21350d41166109
enwik8	enwik8	text	100000000	lz4	41987997	0.41987997	0	0	0	7.381373106967658	0.21479158685542643	638700c8306df6f5fd72c2e8b42e1bbf729e448f8d8d0f9f2354da988a44d335
canterbury	alice29.txt	text	152089	7z	48588	0.319470836155146	0	0	0	0.06400424614548683	0.016058420995250344	d413fa1253d26ec5cc31263f4c3abf45961f3612795819b39349cf3dbf6bcfaf
canterbury	alice29.txt	text	152089	ppmd	38986	0.2563367501923216	0	0	0	0.03195274481549859	0.031896692933514714	afd806a295c12654158f6a4bf1aff374817ab83321b7e080689440c958853eb6
canterbury	alice29.txt	text	152089	xz	48528	0.3190763303065968	0	0	0	0.11427706107497215	0.007889487082138658	e02f531b454fc1e9452cbb589f08f610dab165f20e1cc2dddc6fc32d1efb9469
canterbury	alice29.txt	text	152089	brotli	46487	0.305656556358448	0	0	0	0.26453972002491355	0.003894469002261758	a452e54f6fe6cb882a99a7c591972dca0a118e3496efa280e6f16dd51ef2d802
canterbury	alice29.txt	text	152089	zstd	49215	0.32359342227248516	0	0	0	0.11425600806251168	0.0038275159895420074	42c5fc6d328156272556e99aa0820a62544256472e13c63061f5f618bd8a0af0
canterbury	alice29.txt	text	152089	bzip2	43202	0.28405736115037905	0	0	0	0.03210073010995984	0.016078019980341196	869c6772129c168899b3a09b2586a3999e82d64098e4f1ce794fc00cf728902a
canterbury	alice29.txt	text	152089	gzip	54191	0.3563111073121659	0	0	0	0.03205735282972455	0.003825762076303363	1543c92e5e3d3f7b27b6966999187f5f6e0ae112e4230d5cbb074851a42196bb
canterbury	alice29.txt	text	152089	rar	51232	0.33685539388121427	0	0	0	0.06438130582682788	0.01591688906773925	ad506c20aa2a6e43ebdcebee7da00c281dcaad33467fdf8c68eea0abdc112bf3
canterbury	alice29.txt	text	152089	lz4	62972	0.414047038247342	0	0	0	0.031963145127519965	0.003989748191088438	293f79012c032ed666bdd88df1a533b0a86e5a96a6d0b68eb4f97e9ff6f226b8
canterbury	asyoulik.txt	text	125179	7z	44666	0.3568170380015817	0	0	0	0.06406703102402389	0.016174902208149433	1fc47bfa72d947a3a5bd745a5277177f51efbc71fcb016d6236a0a5e0ca3ce20
canterbury	asyoulik.txt	text	125179	ppmd	36344	0.29033623850645873	0	0	0	0.03205191204324365	0.032276728888973594	4451890849d2af3663e8d6aa597c8355652e9cb0fafa57b7bf113c5123f79e88
canterbury	asyoulik.txt	text	125179	xz	44592	0.35622588453334825	0	0	0	0.11438612686470151	0.008208382176235318	9612cf15c0ef8e464ec9050da1990006e39877d4f282732c226003f9274d456d
canterbury	asyoulik.txt	text	125179	brotli	42713	0.34121537957644654	0	0	0	0.2144742461387068	0.004077923018485308	f92a943e6f8c754bbf452cb21734cc105a248ae1726302e088328c0864de6ac0
canterbury	asyoulik.txt	text	125179	zstd	45141	0.36061160418281024	0	0	0	0.11445090593770146	0.0040058300364762545	df6f55795c5ca9373aa7a85f1003b3ea1528e6670af6954454564a95cf0fc008
canterbury	asyoulik.txt	text	125179	bzip2	39569	0.31609934573690474	0	0	0	0.03210781211964786	0.016050094040110707	148a7850b4faba2b4a0e04693bc3e7604a863bfa5bd51195d4cc0b6b05e2ecce
canterbury	asyoulik.txt	text	125179	gzip	48829	0.3900734148699063	0	0	0	0.03207967686466873	0.0038930249866098166	491a27527ba7c3c0225de79800a2cb0630a920904f252b13384ab83acebe00fb
canterbury	asyoulik.txt	text	125179	rar	46974	0.37525463536216136	0	0	0	0.0641381829045713	0.016131075099110603	5a3085c0ddcbb70f56e95020fe8deecb39692d513aafccaa322aa893077da815
canterbury	asyoulik.txt	text	125179	lz4	58328	0.46595674993409436	0	0	0	0.031842384953051805	0.003808507928624749	96bce48d479d303659d9892317ba4a3110736d8f4c09f856a187efaacd5eb56d
canterbury	cp.html	text	24603	7z	7726	0.31402674470593017	0	0	0	0.015910856891423464	0.007840909995138645	04c885d67327071fcd8ce02d0f8869e15db4a9b1e19a392ef0cc387c5e1c2cac
canterbury	cp.html	text	24603	ppmd	6692	0.27199934967280415	0	0	0	0.015870958101004362	0.015853974036872387	21d9181ceb16792609f68f708b7ebb50064ef285ff14bbefdc2b8586243d6845
canterbury	cp.html	text	24603	xz	7652	0.3110189814250295	0	0	0	0.0642013878095895	0.004087943118065596	907bc09fd3a85685341d6dc306f9683e10d660dc57a7ffb63bee8572ba15e26f
canterbury	cp.html	text	24603	brotli	6895	0.28025037597041014	0	0	0	0.06418237998150289	0.0017274070996791124	10adca8931ea58f8445e1e8a25753465501f70ecc1a89350d8a14054138a5a7f
canterbury	cp.html	text	24603	zstd	7716	0.3136202902085112	0	0	0	0.032283341977745295	0.0038996690418571234	c80672578b16bab476273dbb70c12499a761af35a969fe829f0380a67e9de450
canterbury	cp.html	text	24603	bzip2	7624	0.3098809088322562	0	0	0	0.00794075895100832	0.003991702105849981	dd49755b4b9982c712d7fbcc617d6616e07b06227513133552c6b4ee286a5e24
canterbury	cp.html	text	24603	gzip	7981	0.324391334390115	0	0	0	0.0038014641031622887	0.0037748911418020725	05e663068b8e2428277a0498ee2243efcf96fda4d5f99524358665328a791b3b
canterbury	cp.html	text	24603	rar	8100	0.3292281429094013	0	0	0	0.06442302791401744	0.016059913905337453	d5f3852bc0fa83b42f296a4b9108e8a5a08fed4a8864742c27d2c81c7e90b38c
canterbury	cp.html	text	24603	lz4	10307	0.4189326504897777	0	0	0	0.003790101036429405	0.0016916960012167692	99fa244e47962ace003ed8b83c6f019d238ed7e9e19df6bb2bef51db3814abd8
canterbury	fields.c	code	11150	7z	3085	0.2766816143497758	0	0	0	0.0160548931453377	0.007808656198903918	c96b638aa23ede543e29b843296ba33aa2b90081051de282dbd9f36af47d1b77
canterbury	fields.c	code	11150	ppmd	2761	0.24762331838565022	0	0	0	0.007764148060232401	0.00778165296651423	9915e4de8368e3e7592874ea05e26120b440d476e539983ef4d4d5bfb35fda05
canterbury	fields.c	code	11150	xz	3032	0.2719282511210762	0	0	0	0.03205051994882524	0.0038745589554309845	12c6262b0df6a45e588aa70efa2de38327572f4ae54eee7498a605b20368acd9
canterbury	fields.c	code	11150	brotli	2717	0.24367713004484304	0	0	0	0.03213433618657291	0.003739910898730159	eb185bc2720ae5b2059febd6c0e3a93dc2f0265bc3e9c21591989d19399675c7
canterbury	fields.c	code	11150	zstd	3019	0.270762331838565	0	0	0	0.015869755065068603	0.0037693388294428587	9687936634374e2171cb53f0c277013793058071089bce704a00cd3e6c41ed83
canterbury	fields.c	code	11150	bzip2	3039	0.2725560538116592	0	0	0	0.0077737069223076105	0.0037379369605332613	2ad2ae77347e468bf5adf54c0adf02cb293d82bc0f0b0a617fd3c6185ed1caf1
canterbury	fields.c	code	11150	gzip	3136	0.2812556053811659	0	0	0	0.003928356105461717	0.0016899930778890848	2f278ac61387613a3aa1894964bc572ff6be2d6f85e8c33b91c75fc5fac8ee0a
canterbury	fields.c	code	11150	rar	3169	0.2842152466367713	0	0	0	0.06406068801879883	0.016203589970245957	c64ff5cf5940e1bf978a66d9886d2103d35810c501b9e8ad6681347f925ada74
canterbury	fields.c	code	11150	lz4	4221	0.3785650224215247	0	0	0	0.003866042010486126	0.0038639281410723925	87649e219f96e2102ba8d2dbe643ab8fb7397485178c488b408bee4b96dc17bb
canterbury	grammar.lsp	code	3721	7z	1365	0.3668368718086536	0	0	0	0.015885084867477417	0.007897784002125263	b2e64ebaa03939940e8f695291821334e358facafed4cef75ed61eb9ec81f549
canterbury	grammar.lsp	code	3721	ppmd	1177	0.3163128191346412	0	0	0	0.007980138063430786	0.007807723945006728	273f39cbb83b742f03dabb3c4b5714e9ff12b1318f7aba3d53b55017f31f8ebc
canterbury	grammar.lsp	code	3721	xz	1292	0.347218489653319	0	0	0	0.01582316216081381	0.00383085198700428	d47458caf91921c89deb0dd00303121eb8bd9442aedc404482fc7d5c837be376
canterbury	grammar.lsp	code	3721	brotli	1125	0.3023380811609782	0	0	0	0.015934482915326953	0.003663789015263319	6e08c30d874600d1f3a77901dc9df1afc2f6e8b9ee07a21deaf2b1eeace7aabc
canterbury	grammar.lsp	code	3721	zstd	1214	0.32625638269282453	0	0	0	0.007720550987869501	0.003633730113506317	8b9f45e0758a1fe08a76a12fcafe946ec3328632ae477372f1fb0f51daeed22e
canterbury	grammar.lsp	code	3721	bzip2	1283	0.3447997850040312	0	0	0	0.0036002029664814472	0.0015295729972422123	8c0320d7a8cd0633f8c4ba9e304f553609f62702b7ea732470266a2ca7bd9df2
canterbury	grammar.lsp	code	3721	gzip	1246	0.33485622144584787	0	0	0	0.0015365169383585453	0.001538942102342844	37afcb06942b20ff318db892535a45dfaa71139306858116507795a52318be72
canterbury	grammar.lsp	code	3721	rar	1326	0.35635581832840635	0	0	0	0.03175703505985439	0.015796658815816045	670ae89a7b0c58c4ccec43072f586af35abc9ae8b12053f2836b07a59a325ef6
canterbury	grammar.lsp	code	3721	lz4	1737	0.4668099973125504	0	0	0	0.0037446811329573393	0.0016585099510848522	9bd3199407c63a599f421370181cadbb3997d6296c46ac48834038e46f76f6c1
canterbury	kennedy.xls	binary	1029744	7z	50528	0.04906850634720863	0	0	0	0.26449436880648136	0.03224850306287408	5cb65ccf30b30bfcbdb6f578a1b748ab4d32ed594140a0f033dc31c91a7cb30b
canterbury	kennedy.xls	binary	1029744	ppmd	138741	0.13473348715797323	0	0	0	0.11439933418296278	0.11452048504725099	02640ef4e688a9147426f1d934026b445f476fa3f02c4dedccd1260154dbef3a
canterbury	kennedy.xls	binary	1029744	xz	51868	0.050369800649481815	0	0	0	0.866079798899591	0.03247606591321528	1aa811651b5ae375f5e124ec2227d83ff848f28ae57597d6d487e8ae9e9417de
canterbury	kennedy.xls	binary	1029744	brotli	61498	0.05972163955313165	0	0	0	2.2193179291207343	0.008103603031486273	206ae50141c753ef43e933cc382c3db1db132f23eff6c3260088b641cc08b9e9
canterbury	kennedy.xls	binary	1029744	zstd	69729	0.06771488836060224	0	0	0	1.0163910049013793	0.01634757616557181	48f57d65afd3c0262be11ea7f022840f4398001b10e6b0665db6b132008c3b3e
canterbury	kennedy.xls	binary	1029744	bzip2	130280	0.1265168818657841	0	0	0	0.11452717799693346	0.06445767800323665	8138f704e9df2414323e6c076f36ff5b221b9dae6489bfb37cf0e61fb6dcd186
canterbury	kennedy.xls	binary	1029744	gzip	209733	0.20367489395422553	0	0	0	0.4652913638856262	0.016297968104481697	5e2fcacf62e9c3f697a927ee65163a73adca9bdbc26166e4d5abf2ef7b36321e
canterbury	kennedy.xls	binary	1029744	rar	35700	0.03466881088891997	0	0	0	0.11437359289266169	0.015970093896612525	d47aec501b208956f2f084357228b46d38d18e1b86e149f8136945929cf8fc94
canterbury	kennedy.xls	binary	1029744	lz4	324136	0.3147733805683743	0	0	0	1.1166851159650832	0.00812295195646584	95ae5acb04fdd27c816f062234845f6c0362ad347af54dd6211587209c9b7dc7
canterbury	lcet10.txt	text	426754	7z	119592	0.2802363891141032	0	0	0	0.11432477505877614	0.03212737198919058	70f747fa386f939427b5d1d028ab3dc53ba590c21a0d11327541de226c9ef32e
canterbury	lcet10.txt	text	426754	ppmd	96553	0.22624978324749154	0	0	0	0.06436745799146593	0.0642050951719284	778f2ece0cbf854a7285373e6ab36be89aeb9bf426c3aa15421bf27430eca54b
canterbury	lcet10.txt	text	426754	xz	119488	0.27999268899647106	0	0	0	0.21443278505466878	0.016330952988937497	ecef0a306520693cc84c208157d8cecafeccf6dde2e0cd9afb43e6badb8320d8
canterbury	lcet10.txt	text	426754	brotli	113416	0.26576435135933113	0	0	0	0.7660134448669851	0.00819293106906116	b56d9bf94d1dfb8887cccad5892a428afb5f695be501c8138ca6683a89161e6e
canterbury	lcet10.txt	text	426754	zstd	121374	0.284412096898916	0	0	0	0.1645849752239883	0.00815517595037818	beef324c91065cee8eef473dd42c626f45e280747fd86e25cc58b976fa9b53dc
canterbury	lcet10.txt	text	426754	bzip2	107706	0.25238427759318016	0	0	0	0.06421579606831074	0.032408841885626316	710da8b638674ccf567da048bb2b93021eebea9e737c38ea4689188250a8a873
canterbury	lcet10.txt	text	426754	gzip	144429	0.3384361950913172	0	0	0	0.06420947308652103	0.008008835138753057	bc44c9be07197308680ac3cb420c77c3818f2a22bd065155712d90b2ab3cdf8d
canterbury	lcet10.txt	text	426754	rar	126481	0.29637917863687274	0	0	0	0.064127431018278	0.03202848508954048	d9af54f2058ed809abe9662f78b302255865e95bbee54068f145393e7641afa6
canterbury	lcet10.txt	text	426754	lz4	164142	0.3846290837344231	0	0	0	0.06414895411580801	0.004012753954157233	bf2bad94e3365eb98cab5145992b474514444e6dd84806f4448e4decb00dbad4
canterbury	plrabn12.txt	text	481861	7z	165653	0.3437775624090765	0	0	0	0.11428331304341555	0.03228998510167003	03e0c3c9d9fe5af735c37e26b419d0354633462cb3f400f14cd73b3f099c144b
canterbury	plrabn12.txt	text	481861	ppmd	132529	0.275035746823254	0	0	0	0.06433870107866824	0.06422281009145081	be2d26f937727072e484f859f83847a20ed6afd4f7e9e9f201d7238e008e06a2
canterbury	plrabn12.txt	text	481861	xz	165456	0.3433687308165633	0	0	0	0.2146974520292133	0.03243178687989712	abea2a4be6f6f23a2a27fb1fc03e3a49f8ddbba2375b122c8003a906559a7439
canterbury	plrabn12.txt	text	481861	brotli	163267	0.33882592697894204	0	0	0	0.7660366620402783	0.008099225116893649	e0c80be829da57d45c195d36507dee26e30d27e3f10a11cd4b40a84749bb364c
canterbury	plrabn12.txt	text	481861	zstd	167442	0.34749025133804146	0	0	0	0.2145385560579598	0.008169395150616765	a7e9c1e08572402edd300161000c4821deab5dce1c4442a5c83bca8cf7bca80b
canterbury	plrabn12.txt	text	481861	bzip2	145577	0.30211409514362025	0	0	0	0.06444819993339479	0.06439111498184502	f127c40f336e7788e6ca19e98af09ce221aed0acf7b7ea093eb22a0bc2d42683
canterbury	plrabn12.txt	text	481861	gzip	194277	0.4031805852725163	0	0	0	0.11446945299394429	0.008127008797600865	d021465811735ea9dd13cb4ce5bd571c24550119487bbeed42360e3e8b7707d4
canterbury	plrabn12.txt	text	481861	rar	175626	0.36447440236914797	0	0	0	0.06409973604604602	0.03196061006747186	325cbab359bff25c1cd2234f66151b4316410d8bc0446ecc99ce2deea511cd54
canterbury	plrabn12.txt	text	481861	lz4	224674	0.46626309246857495	0	0	0	0.06417755992151797	0.00377791584469378	7fdbacc0400a583d41a54d7e51fb9e3735f92fcdec9efdce02c8131f5f0302ab
canterbury	ptt5	image	513216	7z	42211	0.08224802032672403	0	0	0	0.11429179995320737	0.0160641020629555	93ee29ef6bf1b35673b6c08cbf3feade3d415ca5f809fa32ef6cf339c045087a
canterbury	ptt5	image	513216	ppmd	49167	0.09580176767676768	0	0	0	0.032242259941995144	0.032181600108742714	ed8455a39d46ab5ba819a98d340ab7881f713dd7f55655541e9f79bd8767f357
canterbury	ptt5	image	513216	xz	39860	0.0776671031300661	0	0	0	0.36486720689572394	0.01618151506409049	2de20d0bba8fd0e2b16863c0c6305d4c60359a0f705807469280a82ccfb68615
canterbury	ptt5	image	513216	brotli	40939	0.07976953173712432	0	0	0	1.06672187987715	0.008248711936175823	7921a146b76b0dd9b2c8f09190eecb1cbeba49e19dac3157a51e63bb997444a9
canterbury	ptt5	image	513216	zstd	43401	0.08456673213617658	0	0	0	0.46516718808561563	0.008135396055877209	d6e9a86a738cbfaa6127f6fbfdbae2c6f3ce22866546b527f80c27d9f82e1e8d
canterbury	ptt5	image	513216	bzip2	49759	0.09695527808953736	0	0	0	0.032091300934553146	0.01614690595306456	cc00c2a3dc3d79ec610b0d8fe9ecf31e08af3bdc9b0c777f31f1bc03d386ffc6
canterbury	ptt5	image	513216	gzip	52382	0.1020661865569273	0	0	0	0.11454811994917691	0.008166398154571652	4c366baa45218fb1ff3c12f72eb230473bd13694d4e91d02909bc5f08ea99d7b
canterbury	ptt5	image	513216	rar	49418	0.09629084050380347	0	0	0	0.06430968386121094	0.016052227932959795	561f3731aee7bbfc98eca7e130b803b5410e99b4aed808c1f420a189e81eb0f9
canterbury	ptt5	image	513216	lz4	66153	0.12889894313505423	0	0	0	0.1144570589531213	0.0037873159162700176	81d3c8bf6a2f9810e342836e5e4345f31c21ea66026e118076f5e426040ea3ab
canterbury	sum	binary	38240	7z	9609	0.25128138075313805	0	0	0	0.032037111930549145	0.008107159985229373	b893f3ebde6d57fb8eac13ce65fa477389e2af3de8d4edece3682aacfb5dfd36
canterbury	sum	binary	38240	ppmd	11722	0.30653765690376567	0	0	0	0.01591084711253643	0.01594703900627792	f0dbcecc886072cb8df5c14f71ea9a515c7d4dd4aea4965d8940c787bab4bd43
canterbury	sum	binary	38240	xz	9500	0.24843096234309622	0	0	0	0.06413707113824785	0.003974898019805551	a90214d32ae1d43720f6a8f2b2308324bbd4077b0b28261349217617a080e31f
canterbury	sum	binary	38240	brotli	10143	0.26524581589958157	0	0	0	0.11433378397487104	0.003993967082351446	4a58f1f4b5d6953e6f8c9cedc53471da4b21a9f95a1ab73d13625eee66b93431
canterbury	sum	binary	38240	zstd	11232	0.29372384937238494	0	0	0	0.06422984483651817	0.003976160893216729	61cf26cb3c81cb0ffcb35afb82eeeb52b247df923d1e7f5fb5167546293bff01
canterbury	sum	binary	38240	bzip2	12909	0.3375784518828452	0	0	0	0.007850229041650891	0.0038014231249690056	537f1b124453ce2ecf543a7157a157dd5fad3cb62e4739f0da88d74f21ca8b67
canterbury	sum	binary	38240	gzip	12772	0.3339958158995816	0	0	0	0.015891728922724724	0.001679861918091774	595faef3b7728ddd8092536f6393e1b4f3d3966cc15a558b01b836a0e415a003
canterbury	sum	binary	38240	rar	11673	0.3052562761506276	0	0	0	0.06417555687949061	0.0159171000123024	dabbe837b8d0c7d6d6fba3a68fc460995df2c60be27e1c5cc0ef3dbf2c153e34
canterbury	sum	binary	38240	lz4	16308	0.4264644351464435	0	0	0	0.007786972913891077	0.0019326249603182077	c5b83051f61ed28bf93d550394c17a30388c9c425654464eeba41d055e8a15b0
canterbury	xargs.1	text	4227	7z	1878	0.44428672817601134	0	0	0	0.00780628202483058	0.007991801016032696	d3d87967bd07ea64ce276db48cfb31bb2dfce772b15c28d73adc2c45a8d6efa1
canterbury	xargs.1	text	4227	ppmd	1610	0.3808847882659096	0	0	0	0.007772743934765458	0.007745740935206413	26ffd7ae7760212ae70800362ca693a72e5d88433f81048f8d6c688d02596717
canterbury	xargs.1	text	4227	xz	1812	0.42867281760113557	0	0	0	0.01596044609323144	0.003858115989714861	792d6099d03fbfdb4c4bc6cf9264dab2bbd44800028314bef267dcc00287fa3d
canterbury	xargs.1	text	4227	brotli	1464	0.34634492547906315	0	0	0	0.015922790858894587	0.0038900398649275303	442586e74ba34b71918a5ec0d6715a638b03d699eb66ddaacea4d13c92a077b3
canterbury	xargs.1	text	4227	zstd	1728	0.4088005677785664	0	0	0	0.00781898689456284	0.003778659040108323	0d76086ff530e500da149df9c4ccb2de50684a0e9ca19b6c41702764c07a7d66
canterbury	xargs.1	text	4227	bzip2	1762	0.4168440974686539	0	0	0	0.003693668870255351	0.003733457997441292	b34d267c58e8fb650498b602d444c65f2de3387785d727264f5fda49c34e8beb
canterbury	xargs.1	text	4227	gzip	1756	0.4154246510527561	0	0	0	0.0016511650756001472	0.0018159730825573206	394a3a0f275c2e47b17c8cf73fb1107b1178bbcc353ae4e07cac42bfd508c9d3
canterbury	xargs.1	text	4227	rar	1827	0.43222143364088006	0	0	0	0.03187348693609238	0.015751769999042153	27571ec96ec1a8d51d828df7360d72dec20fc485fd71cc11f7cce69967d95d39
canterbury	xargs.1	text	4227	lz4	2420	0.5725100544121126	0	0	0	0.003682306967675686	0.0014679708983749151	1cdbf545018b73b1cfc39a8db543769635686ee5b9f5e6d199254ee26af05071
